INSTNM,,,,CITY,,STABBR,CONTROL,PREDDEG,,,,,"Mid East (DE, DC, MD, NJ, NY, PA)"
COMMUNITY COLLEGE OF THE AIR FORCE,,,,MONTGOMERY,,AL,Public,Predominantly associate's-degree granting,,,,,"Mid East (DE, DC, MD, NJ, NY, PA)"
ALABAMA A & M UNIVERSITY,,,,NORMAL,,AL,Public,Predominantly bachelor's-degree granting,,,,,"Mid East (DE, DC, MD, NJ, NY, PA)"
UNIVERSITY OF ALABAMA AT BIRMINGHAM,,,,BIRMINGHAM,,AL,Public,Predominantly bachelor's-degree granting,,,,,"Far West (AK, CA, HI, NV, OR, WA)"
ALABAMA AVIATION AND TECHNICAL COLLEGE,,,,OZARK,,AL,Public,Predominantly certificate-degree granting,,,,,"Great Lakes (IL, IN, MI, OH, WI)"
SOUTHERN CHRISTIAN UNIVERSITY,,,,MONTGOMERY,,AL,Private nonprofit,Predominantly bachelor's-degree granting,,,,,"Southeast (AL, AR, FL, GA, KY, LA, MS, NC, SC, TN, VA, WV)"
UNIVERSITY OF ALABAMA IN HUNTSVILLE,,,,HUNTSVILLE,,AL,Public,Predominantly bachelor's-degree granting,,,,,"Southeast (AL, AR, FL, GA, KY, LA, MS, NC, SC, TN, VA, WV)"
ALABAMA STATE UNIVERSITY,,,,MONTGOMERY,,AL,Public,Predominantly bachelor's-degree granting,,,,,"Far West (AK, CA, HI, NV, OR, WA)"
THE UNIVERSITY OF ALABAMA,,,,TUSCALOOSA,,AL,Public,Predominantly bachelor's-degree granting,,,,,"Plains (IA, KS, MN, MO, NE, ND, SD)"
CENTRAL ALABAMA COMMUNITY COLLEGE,,,,ALEXANDER CITY,,AL,Public,Predominantly certificate-degree granting,,,,,"Great Lakes (IL, IN, MI, OH, WI)"
ATHENS STATE COLLEGE,,,,ATHENS,,AL,Public,Predominantly bachelor's-degree granting,,,,,"Great Lakes (IL, IN, MI, OH, WI)"
AUBURN UNIVERSITY AT MONTGOMERY,,,,MONTGOMERY,,AL,Public,Predominantly bachelor's-degree granting,,,,,"Great Lakes (IL, IN, MI, OH, WI)"
AUBURN UNIVERSITY MAIN CAMPUS,,,,AUBURN UNIVERSITY,,AL,Public,Predominantly bachelor's-degree granting,,,,,"Mid East (DE, DC, MD, NJ, NY, PA)"
BESSEMER STATE TECHNICAL COLLEGE,,,,BESSEMER,,AL,Public,Predominantly certificate-degree granting,,,,,"Rocky Mountains (CO, ID, MT, UT, WY)"
BIRMINGHAM SOUTHERN COLLEGE,,,,BIRMINGHAM,,AL,Private nonprofit,Predominantly bachelor's-degree granting,,,,,"Far West (AK, CA, HI, NV, OR, WA)"
BEVILL STATE COMMUNITY COLLEGE-BREWER CAMPUS,,,,FAYETTE,,AL,Public,Predominantly bachelor's-degree granting,,,,,"Southeast (AL, AR, FL, GA, KY, LA, MS, NC, SC, TN, VA, WV)"
CHARLES ACADEMY OF BEAUTY CULTURE,,,,MOBILE,,AL,Private for-profit,Predominantly certificate-degree granting,,,,,"Far West (AK, CA, HI, NV, OR, WA)"
CHATTAHOOCHEE VALLEY COMMUNITY COLLEGE,,,,PHENIX CITY,,AL,Public,Predominantly associate's-degree granting,,,,,"Plains (IA, KS, MN, MO, NE, ND, SD)"
CHAUNCEY SPARKS STATE TECHNICAL COLLEGE,,,,EUFAULA,,AL,Public,Predominantly certificate-degree granting,,,,,"Mid East (DE, DC, MD, NJ, NY, PA)"
CONCORDIA COLLEGE,,,,SELMA,,AL,Private nonprofit,Predominantly associate's-degree granting,,,,,"Mid East (DE, DC, MD, NJ, NY, PA)"
DOUGLAS MACARTHUR STATE TECHNICAL COLLEGE,,,,OPP,,AL,Public,Predominantly certificate-degree granting,,,,,"Southwest (AZ, NM, OK, TX)"
DRAUGHONS JUNIOR COLLEGE,,,,MONTGOMERY,,AL,Private for-profit,Predominantly associate's-degree granting,,,,,"Southeast (AL, AR, FL, GA, KY, LA, MS, NC, SC, TN, VA, WV)"
ENTERPRISE STATE JUNIOR COLLEGE,,,,ENTERPRISE,,AL,Public,Predominantly associate's-degree granting,,,,,"Southeast (AL, AR, FL, GA, KY, LA, MS, NC, SC, TN, VA, WV)"
JAMES H FAULKNER STATE COMMUNITY COLLEGE,,,,BAY MINETTE,,AL,Public,Predominantly associate's-degree granting,,,,,"Far West (AK, CA, HI, NV, OR, WA)"
FAULKNER UNIVERSITY,,,,MONTGOMERY,,AL,Private nonprofit,Predominantly bachelor's-degree granting,,,,,"Mid East (DE, DC, MD, NJ, NY, PA)"
FAULKNER UNIVERSITY-BIRMINGHAM,,,,BIRMINGHAM,,AL,Private nonprofit,Predominantly bachelor's-degree granting,,,,,"Southeast (AL, AR, FL, GA, KY, LA, MS, NC, SC, TN, VA, WV)"
FAULKNER UNIVERSITY-FLORENCE,,,,FLORENCE,,AL,Private nonprofit,Predominantly bachelor's-degree granting,,,,,"Mid East (DE, DC, MD, NJ, NY, PA)"
FAULKNER UNIVERSITY-HUNTSVILLE,,,,HUNTSVILLE,,AL,Private nonprofit,Predominantly bachelor's-degree granting,,,,,"Southeast (AL, AR, FL, GA, KY, LA, MS, NC, SC, TN, VA, WV)"
GADSDEN BUSINESS COLLEGE,,,,GADSDEN,,AL,Private for-profit,Predominantly certificate-degree granting,,,,,"Plains (IA, KS, MN, MO, NE, ND, SD)"
GADSDEN STATE COMMUNITY COLLEGE,,,,GADSDEN,,AL,Public,Predominantly associate's-degree granting,,,,,"Southeast (AL, AR, FL, GA, KY, LA, MS, NC, SC, TN, VA, WV)"
GADSDEN BUSINESS COLLEGE-ANNISTON,,,,ANNISTON,,AL,Private for-profit,Predominantly certificate-degree granting,,,,,"Far West (AK, CA, HI, NV, OR, WA)"
GEORGE C WALLACE STATE COMMUNITY COLLEGE-DOTHAN,,,,DOTHAN,,AL,Public,Predominantly associate's-degree granting,,,,,"Mid East (DE, DC, MD, NJ, NY, PA)"
GEORGE C WALLACE STATE COMMUNITY COLL-HANCEVILLE,,,,HANCEVILLE,,AL,Public,Predominantly associate's-degree granting,,,,,"Mid East (DE, DC, MD, NJ, NY, PA)"
GEORGE C WALLACE STATE COMMUNITY COLLEGE-SELMA,,,,SELMA,,AL,Public,Predominantly associate's-degree granting,,,,,"New England (CT, ME, MA, NH, RI, VT)"
HARRY M AYERS STATE TECHNICAL COLLEGE,,,,ANNISTON,,AL,Public,Predominantly certificate-degree granting,,,,,"New England (CT, ME, MA, NH, RI, VT)"
HERZING COLLEGE,,,,BIRMINGHAM,,AL,Private for-profit,Predominantly associate's-degree granting,,,,,"Far West (AK, CA, HI, NV, OR, WA)"
HUNTINGDON COLLEGE,,,,MONTGOMERY,,AL,Private nonprofit,Predominantly bachelor's-degree granting,,,,,"Mid East (DE, DC, MD, NJ, NY, PA)"
HUNTSVILLE HOSPITAL SCHOOL OF RADIOLOGIC TECHN,,,,HUNTSVILLE,,AL,Private nonprofit,Not classified,,,,,"Far West (AK, CA, HI, NV, OR, WA)"
INTERNATIONAL BIBLE COLLEGE,,,,FLORENCE,,AL,Private nonprofit,Predominantly bachelor's-degree granting,,,,,"Southeast (AL, AR, FL, GA, KY, LA, MS, NC, SC, TN, VA, WV)"
J F DRAKE STATE TECHNICAL COLLEGE,,,,HUNTSVILLE,,AL,Public,Predominantly certificate-degree granting,,,,,"Outlying Areas (AS, FM, GU, MH, MP, PR, PW, VI)"
JACKSONVILLE STATE UNIVERSITY,,,,JACKSONVILLE,,AL,Public,Predominantly bachelor's-degree granting,,,,,"Plains (IA, KS, MN, MO, NE, ND, SD)"
JEFFERSON DAVIS COMMUNITY COLLEGE,,,,BREWTON,,AL,Public,Predominantly associate's-degree granting,,,,,"Southeast (AL, AR, FL, GA, KY, LA, MS, NC, SC, TN, VA, WV)"
JEFFERSON STATE COMMUNITY COLLEGE,,,,BIRMINGHAM,,AL,Public,Predominantly associate's-degree granting,,,,,"Plains (IA, KS, MN, MO, NE, ND, SD)"
JOHN C CALHOUN STATE COMMUNITY COLLEGE,,,,DECATUR,,AL,Public,Predominantly associate's-degree granting,,,,,"Great Lakes (IL, IN, MI, OH, WI)"
JOHN M PATTERSON STATE TECHNICAL COLLEGE,,,,MONTGOMERY,,AL,Public,Predominantly certificate-degree granting,,,,,"Southeast (AL, AR, FL, GA, KY, LA, MS, NC, SC, TN, VA, WV)"
JUDSON COLLEGE,,,,MARION,,AL,Private nonprofit,Predominantly bachelor's-degree granting,,,,,"Far West (AK, CA, HI, NV, OR, WA)"
LAWSON STATE COMMUNITY COLLEGE,,,,BIRMINGHAM,,AL,Public,Predominantly associate's-degree granting,,,,,"Plains (IA, KS, MN, MO, NE, ND, SD)"
UNIVERSITY OF WEST ALABAMA,,,,LIVINGSTON,,AL,Public,Predominantly bachelor's-degree granting,,,,,"Plains (IA, KS, MN, MO, NE, ND, SD)"
LURLEEN B WALLACE STATE JUNIOR COLLEGE,,,,ANDALUSIA,,AL,Public,Predominantly associate's-degree granting,,,,,"Far West (AK, CA, HI, NV, OR, WA)"
MARION MILITARY INSTITUTE,,,,MARION,,AL,Private nonprofit,Predominantly associate's-degree granting,,,,,"Mid East (DE, DC, MD, NJ, NY, PA)"
MASTERS INSTITUTE OF COSMETOLOGY,,,,HUNTSVILLE,,AL,Private for-profit,Predominantly certificate-degree granting,,,,,"New England (CT, ME, MA, NH, RI, VT)"
MILES COLLEGE,,,,FAIRFIELD,,AL,Private nonprofit,Predominantly bachelor's-degree granting,,,,,"Far West (AK, CA, HI, NV, OR, WA)"
UNIVERSITY OF MOBILE,,,,MOBILE,,AL,Private nonprofit,Predominantly bachelor's-degree granting,,,,,"Great Lakes (IL, IN, MI, OH, WI)"
UNIVERSITY OF MONTEVALLO,,,,MONTEVALLO,,AL,Public,Predominantly bachelor's-degree granting,,,,,"Great Lakes (IL, IN, MI, OH, WI)"
NORTHWEST SHOALS COMMUNITY COLLEGE,,,,MUSCLE SHOALS,,AL,Public,Predominantly associate's-degree granting,,,,,"Great Lakes (IL, IN, MI, OH, WI)"
BEVILL STATE COMMUNITY COLLEGE-HAMILTON CAMPUS,,,,HAMILTON,,AL,Public,Predominantly certificate-degree granting,,,,,"Mid East (DE, DC, MD, NJ, NY, PA)"
UNIVERSITY OF NORTH ALABAMA,,,,FLORENCE,,AL,Public,Predominantly bachelor's-degree granting,,,,,"Great Lakes (IL, IN, MI, OH, WI)"
NORTHEAST ALABAMA STATE COMMUNITY COLLEGE,,,,RAINSVILLE,,AL,Public,Predominantly associate's-degree granting,,,,,"Great Lakes (IL, IN, MI, OH, WI)"
NORTHWEST SHOALS COMMUNITY COLLEGE-PHIL CAMPBELL,,,,PHIL CAMPBELL,,AL,Public,Predominantly associate's-degree granting,,,,,"Plains (IA, KS, MN, MO, NE, ND, SD)"
OAKWOOD COLLEGE,,,,HUNTSVILLE,,AL,Private nonprofit,Predominantly bachelor's-degree granting,,,,,"Far West (AK, CA, HI, NV, OR, WA)"
ALABAMA SOUTHERN COMMUNITY COLLEGE,,,,MONROEVILLE,,AL,Public,Predominantly certificate-degree granting,,,,,"New England (CT, ME, MA, NH, RI, VT)"
PRINCE INSTITUTE OF PROFESSIONAL STUDIES INC,,,,MONTGOMERY,,AL,Private for-profit,Predominantly associate's-degree granting,,,,,"Plains (IA, KS, MN, MO, NE, ND, SD)"
REID STATE TECHNICAL COLLEGE,,,,EVERGREEN,,AL,Public,Predominantly certificate-degree granting,,,,,"Southwest (AZ, NM, OK, TX)"
BISHOP STATE COMMUNITY COLLEGE,,,,MOBILE,,AL,Public,Predominantly associate's-degree granting,,,,,"Plains (IA, KS, MN, MO, NE, ND, SD)"
SAMFORD UNIVERSITY,,,,BIRMINGHAM,,AL,Private nonprofit,Predominantly bachelor's-degree granting,,,,,"Southeast (AL, AR, FL, GA, KY, LA, MS, NC, SC, TN, VA, WV)"
SHELTON STATE COMMUNITY COLLEGE,,,,TUSCALOOSA,,AL,Public,Predominantly associate's-degree granting,,,,,"Outlying Areas (AS, FM, GU, MH, MP, PR, PW, VI)"
SNEAD STATE COMMUNITY COLLEGE,,,,BOAZ,,AL,Public,Predominantly associate's-degree granting,,,,,"Great Lakes (IL, IN, MI, OH, WI)"
UNIVERSITY OF SOUTH ALABAMA,,,,MOBILE,,AL,Public,Predominantly bachelor's-degree granting,,,,,"Mid East (DE, DC, MD, NJ, NY, PA)"
UNIVERSITY OF SOUTH ALABAMA-BALDWIN,,,,FAIRHOPE,,AL,Public,Predominantly bachelor's-degree granting,,,,,"Great Lakes (IL, IN, MI, OH, WI)"
SOUTHERN COMMUNITY COLLEGE,,,,TUSKEGEE,,AL,Private nonprofit,Predominantly certificate-degree granting,,,,,"Mid East (DE, DC, MD, NJ, NY, PA)"
SPRING HILL COLLEGE,,,,MOBILE,,AL,Private nonprofit,Predominantly bachelor's-degree granting,,,,,"Plains (IA, KS, MN, MO, NE, ND, SD)"
SOUTHEASTERN BIBLE COLLEGE,,,,BIRMINGHAM,,AL,Private nonprofit,Predominantly bachelor's-degree granting,,,,,"Far West (AK, CA, HI, NV, OR, WA)"
STILLMAN COLLEGE,,,,TUSCALOOSA,,AL,Private nonprofit,Predominantly bachelor's-degree granting,,,,,"Mid East (DE, DC, MD, NJ, NY, PA)"
TALLADEGA COLLEGE,,,,TALLADEGA,,AL,Private nonprofit,Predominantly bachelor's-degree granting,,,,,"Plains (IA, KS, MN, MO, NE, ND, SD)"
TRENHOLM STATE TECHNICAL COLLEGE,,,,MONTGOMERY,,AL,Public,Predominantly certificate-degree granting,,,,,"Southeast (AL, AR, FL, GA, KY, LA, MS, NC, SC, TN, VA, WV)"
TROY STATE UNIVERSITY-DOTHAN,,,,DOTHAN,,AL,Public,Predominantly bachelor's-degree granting,,,,,"Southeast (AL, AR, FL, GA, KY, LA, MS, NC, SC, TN, VA, WV)"
TROY STATE UNIVERSITY IN PHENIX CITY,,,,PHENIX CITY,,AL,Public,Predominantly bachelor's-degree granting,,,,,"Far West (AK, CA, HI, NV, OR, WA)"
TROY STATE UNIVERSITY-MONTGOMERY,,,,MONTGOMERY,,AL,Public,Predominantly bachelor's-degree granting,,,,,"New England (CT, ME, MA, NH, RI, VT)"
TROY STATE UNIVERSITY-MAIN CAMPUS,,,,TROY,,AL,Public,Predominantly bachelor's-degree granting,,,,,"New England (CT, ME, MA, NH, RI, VT)"
TUSKEGEE UNIVERSITY,,,,TUSKEGEE,,AL,Private nonprofit,Predominantly bachelor's-degree granting,,,,,"New England (CT, ME, MA, NH, RI, VT)"
UNITED STATES SPORTS ACADEMY,,,,DAPHNE,,AL,Private nonprofit,Entirely graduate-degree granting,,,,,"Rocky Mountains (CO, ID, MT, UT, WY)"
UNIVERSITY OF ALABAMA AT BIRMINGHAM-WALKER COLLEGE,,,,JASPER,,AL,Public,Predominantly associate's-degree granting,,,,,"Plains (IA, KS, MN, MO, NE, ND, SD)"
BEVILL STATE COMMUNITY COLLEGE,,,,SUMITON,,AL,Public,Predominantly certificate-degree granting,,,,,"Southeast (AL, AR, FL, GA, KY, LA, MS, NC, SC, TN, VA, WV)"
ALASKA COMPUTER INSTITUTE,,,,ANCHORAGE,,AK,Private for-profit,Predominantly certificate-degree granting,,,,,"Southwest (AZ, NM, OK, TX)"
UNIVERSITY OF ALASKA ANCHORAGE,,,,ANCHORAGE,,AK,Public,Predominantly bachelor's-degree granting,,,,,"Mid East (DE, DC, MD, NJ, NY, PA)"
UNIVERSITY OF ALASKA FAIRBANKS,,,,FAIRBANKS,,AK,Public,Predominantly bachelor's-degree granting,,,,,"Southwest (AZ, NM, OK, TX)"
UNIVERSITY OF ALASKA SOUTHEAST,,,,JUNEAU,,AK,Public,Predominantly associate's-degree granting,,,,,"Southeast (AL, AR, FL, GA, KY, LA, MS, NC, SC, TN, VA, WV)"
ALASKA PACIFIC UNIVERSITY,,,,ANCHORAGE,,AK,Private nonprofit,Predominantly bachelor's-degree granting,,,,,"Southeast (AL, AR, FL, GA, KY, LA, MS, NC, SC, TN, VA, WV)"
ALASKA VOCATIONAL TECHNICAL CENTER,,,,SEWARD,,AK,Public,Not classified,,,,,"Southeast (AL, AR, FL, GA, KY, LA, MS, NC, SC, TN, VA, WV)"
CHARTER COLLEGE,,,,ANCHORAGE,,AK,Private for-profit,Predominantly certificate-degree granting,,,,,"Southeast (AL, AR, FL, GA, KY, LA, MS, NC, SC, TN, VA, WV)"
NEW CONCEPTS BEAUTY SCHOOL INC,,,,FAIRBANKS,,AK,Private for-profit,Predominantly certificate-degree granting,,,,,"Mid East (DE, DC, MD, NJ, NY, PA)"
PRINCE WILLIAM SOUND COMMUNITY COLLEGE,,,,VALDEZ,,AK,Public,Predominantly associate's-degree granting,,,,,"Mid East (DE, DC, MD, NJ, NY, PA)"
SHELDON JACKSON COLLEGE,,,,SITKA,,AK,Private nonprofit,Predominantly bachelor's-degree granting,,,,,"Mid East (DE, DC, MD, NJ, NY, PA)"
CAREER ACADEMY,,,,ANCHORAGE,,AK,Private for-profit,Predominantly certificate-degree granting,,,,,"Southeast (AL, AR, FL, GA, KY, LA, MS, NC, SC, TN, VA, WV)"
ACADEMY OF BUSINESS COLLEGE,,,,PHOENIX,,AZ,Private for-profit,Predominantly certificate-degree granting,,,,,"Southwest (AZ, NM, OK, TX)"
AL COLLINS GRAPHIC DESIGN SCHOOL,,,,TEMPE,,AZ,Private for-profit,Predominantly associate's-degree granting,,,,,"Great Lakes (IL, IN, MI, OH, WI)"
ALLURE CAREER COLLEGE OF BEAUTY,,,,SCOTTSDALE,,AZ,Private for-profit,Predominantly certificate-degree granting,,,,,"Great Lakes (IL, IN, MI, OH, WI)"
ALLURE CAREER COLLEGE OF BEAUTY,,,,TUCSON,,AZ,Private for-profit,Predominantly certificate-degree granting,,,,,"Southwest (AZ, NM, OK, TX)"
AMERICAN GRADUATE SCHOOL OF INTERNATIONAL MGMT,,,,GLENDALE,,AZ,Private nonprofit,Entirely graduate-degree granting,,,,,"Far West (AK, CA, HI, NV, OR, WA)"
AMERICAN INDIAN COLL OF THE ASSEMBLIES OF GOD INC,,,,PHOENIX,,AZ,Private nonprofit,Predominantly bachelor's-degree granting,,,,,"Far West (AK, CA, HI, NV, OR, WA)"
AMERICAN INSTITUTE OF TECHNOLOGY,,,,PHOENIX,,AZ,Private for-profit,Predominantly certificate-degree granting,,,,,"Mid East (DE, DC, MD, NJ, NY, PA)"
AMERICAN INSTITUTE,,,,PHOENIX,,AZ,Private for-profit,Predominantly associate's-degree granting,,,,,"Far West (AK, CA, HI, NV, OR, WA)"
APOLLO COLLEGE-PHOENIX INC,,,,PHOENIX,,AZ,Private for-profit,Predominantly certificate-degree granting,,,,,"Southeast (AL, AR, FL, GA, KY, LA, MS, NC, SC, TN, VA, WV)"
APOLLO COLLEGE-TRI CITY INC,,,,MESA,,AZ,Private for-profit,Predominantly certificate-degree granting,,,,,"Mid East (DE, DC, MD, NJ, NY, PA)"
APOLLO COLLEGE,,,,TUCSON,,AZ,Private for-profit,Predominantly certificate-degree granting,,,,,"Great Lakes (IL, IN, MI, OH, WI)"
NORTHERN ARIZONA COLLEGE OF HEALTH CAREERS,,,,FLAGSTAFF,,AZ,Private for-profit,Not classified,,,,,"Southeast (AL, AR, FL, GA, KY, LA, MS, NC, SC, TN, VA, WV)"
ARIZONA ACADEMY OF BEAUTY,,,,TUCSON,,AZ,Private for-profit,Predominantly certificate-degree granting,,,,,"Mid East (DE, DC, MD, NJ, NY, PA)"
NATIONAL EDUCATION CENTER-AZ AUTOMOTIVE INSTITUTE,,,,GLENDALE,,AZ,Private for-profit,Predominantly associate's-degree granting,,,,,"Southeast (AL, AR, FL, GA, KY, LA, MS, NC, SC, TN, VA, WV)"
ARIZONA COLLEGE OF THE BIBLE,,,,PHOENIX,,AZ,Private nonprofit,Predominantly bachelor's-degree granting,,,,,"Southeast (AL, AR, FL, GA, KY, LA, MS, NC, SC, TN, VA, WV)"
ARIZONA INSTITUTE OF BUSINESS AND TECHNOLOGY,,,,PHOENIX,,AZ,Private nonprofit,Predominantly certificate-degree granting,,,,,"Great Lakes (IL, IN, MI, OH, WI)"
ARIZONA STATE UNIVERSITY-MAIN CAMPUS,,,,TEMPE,,AZ,Public,Predominantly bachelor's-degree granting,,,,,"Southeast (AL, AR, FL, GA, KY, LA, MS, NC, SC, TN, VA, WV)"
ARIZONA WESTERN COLLEGE,,,,YUMA,,AZ,Public,Predominantly associate's-degree granting,,,,,"New England (CT, ME, MA, NH, RI, VT)"
UNIVERSITY OF ARIZONA,,,,TUCSON,,AZ,Public,Predominantly bachelor's-degree granting,,,,,"Mid East (DE, DC, MD, NJ, NY, PA)"
THE ART CENTER,,,,TUCSON,,AZ,Private for-profit,Predominantly associate's-degree granting,,,,,"Great Lakes (IL, IN, MI, OH, WI)"
BEEBES ACADEMY OF BEAUTY CULTURE,,,,YUMA,,AZ,Private for-profit,Predominantly certificate-degree granting,,,,,"Outlying Areas (AS, FM, GU, MH, MP, PR, PW, VI)"
CARLOS VALENZUELA ACADEMY,,,,SCOTTSDALE,,AZ,Private for-profit,Predominantly certificate-degree granting,,,,,"Far West (AK, CA, HI, NV, OR, WA)"
CENTRAL ARIZONA COLLEGE,,,,COOLIDGE,,AZ,Public,Predominantly certificate-degree granting,,,,,"Southeast (AL, AR, FL, GA, KY, LA, MS, NC, SC, TN, VA, WV)"
CHAPARRAL CAREER COLLEGE,,,,TUCSON,,AZ,Private for-profit,Predominantly certificate-degree granting,,,,,"Plains (IA, KS, MN, MO, NE, ND, SD)"
CHARLES OF ITALY BEAUTY COLLEGE,,,,LAKE HAVASU CITY,,AZ,Private for-profit,Predominantly certificate-degree granting,,,,,"Far West (AK, CA, HI, NV, OR, WA)"
COCHISE COLLEGE,,,,DOUGLAS,,AZ,Public,Predominantly associate's-degree granting,,,,,"Southwest (AZ, NM, OK, TX)"
COLLEGE OF BEAUTY ARTS AND SCIENCE,,,,FLAGSTAFF,,AZ,Private for-profit,Predominantly certificate-degree granting,,,,,"Far West (AK, CA, HI, NV, OR, WA)"
COLLEGE OF BEAUTY ARTS AND SCIENCE,,,,COTTONWOOD,,AZ,Private for-profit,Predominantly certificate-degree granting,,,,,"Outlying Areas (AS, FM, GU, MH, MP, PR, PW, VI)"
DESERT INSTITUTE OF THE HEALING ARTS,,,,TUCSON,,AZ,Private for-profit,Predominantly certificate-degree granting,,,,,"Great Lakes (IL, IN, MI, OH, WI)"
DEVOE COLLEGE OF BEAUTY,,,,SIERRA VISTA,,AZ,Private for-profit,Predominantly certificate-degree granting,,,,,"Southeast (AL, AR, FL, GA, KY, LA, MS, NC, SC, TN, VA, WV)"
DEVRY INSTITUTE OF TECHNOLOGY,,,,PHOENIX,,AZ,Private for-profit,Predominantly bachelor's-degree granting,,,,,"Southeast (AL, AR, FL, GA, KY, LA, MS, NC, SC, TN, VA, WV)"
EARL'S ACADEMY OF BEAUTY,,,,MESA,,AZ,Private for-profit,Predominantly certificate-degree granting,,,,,"Rocky Mountains (CO, ID, MT, UT, WY)"
EASTERN ARIZONA COLLEGE,,,,THATCHER,,AZ,Public,Predominantly certificate-degree granting,,,,,"Far West (AK, CA, HI, NV, OR, WA)"
GLENDALE COMMUNITY COLLEGE,,,,GLENDALE,,AZ,Public,Predominantly associate's-degree granting,,,,,"Southeast (AL, AR, FL, GA, KY, LA, MS, NC, SC, TN, VA, WV)"
GRAND CANYON UNIVERSITY,,,,PHOENIX,,AZ,Private nonprofit,Predominantly bachelor's-degree granting,,,,,"Mid East (DE, DC, MD, NJ, NY, PA)"
HIGH-TECH INSTITUTE,,,,PHOENIX,,AZ,Private for-profit,Predominantly certificate-degree granting,,,,,"Far West (AK, CA, HI, NV, OR, WA)"
INTERNATIONAL ACADEMY OF HAIR DESIGN,,,,TEMPE,,AZ,Private for-profit,Predominantly certificate-degree granting,,,,,"Far West (AK, CA, HI, NV, OR, WA)"
INTERSTATE CAREER COLLEGE,,,,TUCSON,,AZ,Private for-profit,Predominantly certificate-degree granting,,,,,"Far West (AK, CA, HI, NV, OR, WA)"
LAMSON JUNIOR COLLEGE,,,,MESA,,AZ,Private for-profit,Predominantly certificate-degree granting,,,,,"New England (CT, ME, MA, NH, RI, VT)"
CLASSIC BEAUTY COLLEGE,,,,CHANDLER,,AZ,Private for-profit,Predominantly certificate-degree granting,,,,,"Great Lakes (IL, IN, MI, OH, WI)"
CLASSIC BEAUTY COLLEGE,,,,PHOENIX,,AZ,Private for-profit,Predominantly certificate-degree granting,,,,,"Mid East (DE, DC, MD, NJ, NY, PA)"
CLASSIC BEAUTY COLLEGE,,,,MESA,,AZ,Private for-profit,Predominantly certificate-degree granting,,,,,"Southwest (AZ, NM, OK, TX)"
LONG MEDICAL INSTITUTE,,,,PHOENIX,,AZ,Private for-profit,Predominantly certificate-degree granting,,,,,"Southeast (AL, AR, FL, GA, KY, LA, MS, NC, SC, TN, VA, WV)"
MARICOPA BEAUTY COLLEGE,,,,AVONDALE,,AZ,Private for-profit,Predominantly certificate-degree granting,,,,,"Far West (AK, CA, HI, NV, OR, WA)"
GATEWAY COMMUNITY COLLEGE,,,,PHOENIX,,AZ,Public,Predominantly certificate-degree granting,,,,,"Great Lakes (IL, IN, MI, OH, WI)"
MESA COMMUNITY COLLEGE,,,,MESA,,AZ,Public,Predominantly associate's-degree granting,,,,,"Plains (IA, KS, MN, MO, NE, ND, SD)"
ITT TECHNICAL INSTITUTE,,,,TUCSON,,AZ,Private for-profit,Predominantly associate's-degree granting,,,,,"Southeast (AL, AR, FL, GA, KY, LA, MS, NC, SC, TN, VA, WV)"
ITT TECHNICAL INSTITUTE,,,,PHOENIX,,AZ,Private for-profit,Predominantly associate's-degree granting,,,,,"Far West (AK, CA, HI, NV, OR, WA)"
MOHAVE COMMUNITY COLLEGE,,,,KINGMAN,,AZ,Public,Predominantly associate's-degree granting,,,,,"Outlying Areas (AS, FM, GU, MH, MP, PR, PW, VI)"
CLINTON TECHNICAL INSTITUTE-MOTORCYCLE MECH DIV,,,,PHOENIX,,AZ,Private for-profit,Predominantly certificate-degree granting,,,,,"Far West (AK, CA, HI, NV, OR, WA)"
MUNDUS INSTITUTE,,,,PHOENIX,,AZ,Private for-profit,Predominantly certificate-degree granting,,,,,"Far West (AK, CA, HI, NV, OR, WA)"
NAVAJO COMMUNITY COLLEGE,,,,TSAILE,,AZ,Public,Predominantly associate's-degree granting,,,,,"Mid East (DE, DC, MD, NJ, NY, PA)"
NORTHERN ARIZONA UNIVERSITY,,,,FLAGSTAFF,,AZ,Public,Predominantly bachelor's-degree granting,,,,,"Great Lakes (IL, IN, MI, OH, WI)"
NORTHLAND PIONEER COLLEGE,,,,HOLBROOK,,AZ,Public,Predominantly associate's-degree granting,,,,,"Mid East (DE, DC, MD, NJ, NY, PA)"
OTTAWA UNIVERSITY-PHOENIX,,,,PHOENIX,,AZ,Private nonprofit,Predominantly bachelor's-degree granting,,,,,"Great Lakes (IL, IN, MI, OH, WI)"
PHOENIX ACADEMY OF BEAUTY,,,,GLENDALE,,AZ,Private for-profit,Predominantly certificate-degree granting,,,,,"Plains (IA, KS, MN, MO, NE, ND, SD)"
PHOENIX COLLEGE,,,,PHOENIX,,AZ,Public,Predominantly certificate-degree granting,,,,,"Southeast (AL, AR, FL, GA, KY, LA, MS, NC, SC, TN, VA, WV)"
PHOENIX THERAPEUTIC MASSAGE COLLEGE,,,,PHOENIX,,AZ,Private for-profit,Predominantly certificate-degree granting,,,,,"Southeast (AL, AR, FL, GA, KY, LA, MS, NC, SC, TN, VA, WV)"
UNIVERSITY OF PHOENIX-PHOENIX CAMPUS,,,,PHOENIX,,AZ,Private for-profit,Predominantly bachelor's-degree granting,,,,,"Mid East (DE, DC, MD, NJ, NY, PA)"
PIMA COMMUNITY COLLEGE,,,,TUCSON,,AZ,Public,Predominantly certificate-degree granting,,,,,"Plains (IA, KS, MN, MO, NE, ND, SD)"
PIMA MEDICAL INSTITUTE,,,,TUCSON,,AZ,Private for-profit,Predominantly certificate-degree granting,,,,,"Rocky Mountains (CO, ID, MT, UT, WY)"
PIMA MEDICAL INSTITUTE,,,,ALBUQUERQUE,,NM,Private for-profit,Predominantly certificate-degree granting,,,,,"Southeast (AL, AR, FL, GA, KY, LA, MS, NC, SC, TN, VA, WV)"
PRESCOTT COLLEGE,,,,PRESCOTT,,AZ,Private nonprofit,Predominantly bachelor's-degree granting,,,,,"Southwest (AZ, NM, OK, TX)"
REFRIGERATION SCHOOL,,,,PHOENIX,,AZ,Private for-profit,Predominantly certificate-degree granting,,,,,"Southeast (AL, AR, FL, GA, KY, LA, MS, NC, SC, TN, VA, WV)"
RIO SALADO COMMUNITY COLLEGE,,,,TEMPE,,AZ,Public,Predominantly certificate-degree granting,,,,,"Plains (IA, KS, MN, MO, NE, ND, SD)"
ROBERTO-VENN SCHOOL OF LUTHIERY,,,,PHOENIX,,AZ,Private for-profit,Predominantly certificate-degree granting,,,,,"Southeast (AL, AR, FL, GA, KY, LA, MS, NC, SC, TN, VA, WV)"
PARKS COLLEGE,,,,TUCSON,,AZ,Private for-profit,Predominantly certificate-degree granting,,,,,"New England (CT, ME, MA, NH, RI, VT)"
SCOTTSDALE COMMUNITY COLLEGE,,,,SCOTTSDALE,,AZ,Public,Predominantly associate's-degree granting,,,,,"Southwest (AZ, NM, OK, TX)"
SOUTH MOUNTAIN COMMUNITY COLLEGE,,,,PHOENIX,,AZ,Public,Predominantly associate's-degree granting,,,,,"Southeast (AL, AR, FL, GA, KY, LA, MS, NC, SC, TN, VA, WV)"
ARIZONA PARALEGAL TRAINING PROGRAM,,,,PHOENIX,,AZ,Private for-profit,Not classified,,,,,"Mid East (DE, DC, MD, NJ, NY, PA)"
SOUTHWESTERN CONSERVATIVE BAPTIST BIBLE COLLEGE,,,,PHOENIX,,AZ,Private nonprofit,Predominantly bachelor's-degree granting,,,,,"Great Lakes (IL, IN, MI, OH, WI)"
TUCSON COLLEGE,,,,TUCSON,,AZ,Private for-profit,Predominantly certificate-degree granting,,,,,"Southeast (AL, AR, FL, GA, KY, LA, MS, NC, SC, TN, VA, WV)"
UNITED ACADEMY OF BEAUTY,,,,PHOENIX,,AZ,Private for-profit,Predominantly certificate-degree granting,,,,,"Great Lakes (IL, IN, MI, OH, WI)"
UNIVERSAL TECHNICAL INSTITUTE INC,,,,PHOENIX,,AZ,Private for-profit,Predominantly certificate-degree granting,,,,,"Great Lakes (IL, IN, MI, OH, WI)"
METROPOLITAN COLLEGE OF COURT REPORTING,,,,PHOENIX,,AZ,Private for-profit,Predominantly associate's-degree granting,,,,,"Great Lakes (IL, IN, MI, OH, WI)"
WESTERN INTERNATIONAL UNIVERSITY,,,,PHOENIX,,AZ,Private nonprofit,Predominantly bachelor's-degree granting,,,,,"Far West (AK, CA, HI, NV, OR, WA)"
ARTISTIC BEAUTY SCHOOL,,,,GLENDALE,,AZ,Private for-profit,Predominantly certificate-degree granting,,,,,"Plains (IA, KS, MN, MO, NE, ND, SD)"
YAVAPAI COLLEGE,,,,PRESCOTT,,AZ,Public,Predominantly associate's-degree granting,,,,,"Great Lakes (IL, IN, MI, OH, WI)"
UNIVERSITY OF ARKANSAS AT LITTLE ROCK,,,,LITTLE ROCK,,AR,Public,Predominantly bachelor's-degree granting,,,,,"Southeast (AL, AR, FL, GA, KY, LA, MS, NC, SC, TN, VA, WV)"
UNIVERSITY OF ARKANSAS FOR MEDICAL SCIENCES,,,,LITTLE ROCK,,AR,Public,Predominantly bachelor's-degree granting,,,,,"New England (CT, ME, MA, NH, RI, VT)"
ARKADELPHIA BEAUTY COLLEGE,,,,ARKADELPHIA,,AR,Private for-profit,Predominantly certificate-degree granting,,,,,"Mid East (DE, DC, MD, NJ, NY, PA)"
ARKANSAS BAPTIST COLLEGE,,,,LITTLE ROCK,,AR,Private nonprofit,Predominantly bachelor's-degree granting,,,,,"Mid East (DE, DC, MD, NJ, NY, PA)"
ARKANSAS BEAUTY SCHOOL,,,,LITTLE ROCK,,AR,Private for-profit,Predominantly certificate-degree granting,,,,,"Southeast (AL, AR, FL, GA, KY, LA, MS, NC, SC, TN, VA, WV)"
LYON COLLEGE,,,,BATESVILLE,,AR,Private nonprofit,Predominantly bachelor's-degree granting,,,,,"Mid East (DE, DC, MD, NJ, NY, PA)"
ARKANSAS COLLEGE OF BARBERING AND HAIR DESIGN,,,,N LITTLE ROCK,,AR,Private for-profit,Predominantly certificate-degree granting,,,,,"New England (CT, ME, MA, NH, RI, VT)"
ARKANSAS CONTINENTAL BEAUTY SCHOOL,,,,FT SMITH,,AR,Private for-profit,Predominantly certificate-degree granting,,,,,"Plains (IA, KS, MN, MO, NE, ND, SD)"
UNIVERSITY OF ARKANSAS AT FAYETTEVILLE,,,,FAYETTEVILLE,,AR,Public,Predominantly bachelor's-degree granting,,,,,"Southwest (AZ, NM, OK, TX)"
UNIVERSITY OF ARKANSAS AT PINE BLUFF,,,,PINE BLUFF,,AR,Public,Predominantly bachelor's-degree granting,,,,,"Great Lakes (IL, IN, MI, OH, WI)"
ARKANSAS STATE UNIVERSITY-BEEBE BRANCH,,,,BEEBE,,AR,Public,Predominantly associate's-degree granting,,,,,"Southeast (AL, AR, FL, GA, KY, LA, MS, NC, SC, TN, VA, WV)"
ARKANSAS STATE UNIVERSITY-MAIN CAMPUS,,,,STATE UNIVERSITY,,AR,Public,Predominantly bachelor's-degree granting,,,,,"Far West (AK, CA, HI, NV, OR, WA)"
ARKANSAS TECH UNIVERSITY,,,,RUSSELLVILLE,,AR,Public,Predominantly bachelor's-degree granting,,,,,"Southeast (AL, AR, FL, GA, KY, LA, MS, NC, SC, TN, VA, WV)"
ARKANSAS VALLEY TECHNICAL INSTITUTE,,,,OZARK,,AR,Public,Predominantly certificate-degree granting,,,,,"Mid East (DE, DC, MD, NJ, NY, PA)"
UNIVERSITY OF ARKANSAS AT MONTICELLO,,,,MONTICELLO,,AR,Public,Predominantly bachelor's-degree granting,,,,,"Far West (AK, CA, HI, NV, OR, WA)"
ARTHURS BEAUTY COLLEGE,,,,JACKSONVILLE,,AR,Private for-profit,Predominantly certificate-degree granting,,,,,"Great Lakes (IL, IN, MI, OH, WI)"
BAPTIST SCHOOLS OF NURSING AND ALLIED HEALTH,,,,LITTLE ROCK,,AR,Private nonprofit,Not classified,,,,,"Plains (IA, KS, MN, MO, NE, ND, SD)"
BEE JAYS ACADEMY,,,,LITTLE ROCK,,AR,Private for-profit,Predominantly certificate-degree granting,,,,,"Southwest (AZ, NM, OK, TX)"
BLACK RIVER TECHNICAL COLLEGE,,,,POCAHONTAS,,AR,Public,Predominantly certificate-degree granting,,,,,"Southeast (AL, AR, FL, GA, KY, LA, MS, NC, SC, TN, VA, WV)"
UNIVERSITY OF CENTRAL ARKANSAS,,,,CONWAY,,AR,Public,Predominantly bachelor's-degree granting,,,,,"Southwest (AZ, NM, OK, TX)"
CENTRAL BAPTIST COLLEGE,,,,CONWAY,,AR,Private nonprofit,Predominantly associate's-degree granting,,,,,"Southeast (AL, AR, FL, GA, KY, LA, MS, NC, SC, TN, VA, WV)"
COSSATOT TECHNICAL COLLEGE,,,,DE QUEEN,,AR,Public,Predominantly certificate-degree granting,,,,,"Mid East (DE, DC, MD, NJ, NY, PA)"
COTTON BOLL TECHNICAL INSTITUTE,,,,BURDETTE,,AR,Public,Predominantly certificate-degree granting,,,,,"New England (CT, ME, MA, NH, RI, VT)"
CROWLEYS RIDGE COLLEGE,,,,PARAGOULD,,AR,Private nonprofit,Predominantly associate's-degree granting,,,,,"Southwest (AZ, NM, OK, TX)"
CROWLEYS RIDGE TECHNICAL INSTITUTE,,,,FORREST CITY,,AR,Public,Predominantly certificate-degree granting,,,,,"Far West (AK, CA, HI, NV, OR, WA)"
DE LUXE BEAUTY SCHOOL,,,,PINE BLUFF,,AR,Private for-profit,Predominantly certificate-degree granting,,,,,"Great Lakes (IL, IN, MI, OH, WI)"
DELTA TECHNICAL INSTITUTE,,,,MARKED TREE,,AR,Public,Predominantly certificate-degree granting,,,,,"Southeast (AL, AR, FL, GA, KY, LA, MS, NC, SC, TN, VA, WV)"
EAST ARKANSAS COMMUNITY COLLEGE,,,,FORREST CITY,,AR,Public,Predominantly associate's-degree granting,,,,,"Mid East (DE, DC, MD, NJ, NY, PA)"
EASTERN COLLEGE OF HEALTH VOCATIONS,,,,LITTLE ROCK,,AR,Private for-profit,Predominantly certificate-degree granting,,,,,"Far West (AK, CA, HI, NV, OR, WA)"
EATON BEAUTY STYLIST COLLEGE INC,,,,LITTLE ROCK,,AR,Private for-profit,Not classified,,,,,"Southeast (AL, AR, FL, GA, KY, LA, MS, NC, SC, TN, VA, WV)"
FOOTHILLS TECHNICAL INSTITUTE,,,,SEARCY,,AR,Public,Predominantly certificate-degree granting,,,,,"Great Lakes (IL, IN, MI, OH, WI)"
FOREST ECHOES TECHNICAL INSTITUTE,,,,CROSSETT,,AR,Public,Predominantly certificate-degree granting,,,,,"New England (CT, ME, MA, NH, RI, VT)"
GARLAND COUNTY COMMUNITY COLLEGE,,,,HOT SPRINGS,,AR,Public,Predominantly associate's-degree granting,,,,,"Far West (AK, CA, HI, NV, OR, WA)"
GATEWAY TECHNICAL COLLEGE,,,,BATESVILLE,,AR,Public,Predominantly certificate-degree granting,,,,,"Southwest (AZ, NM, OK, TX)"
GREAT RIVERS VOCATIONAL TECHNICAL SCHOOL,,,,MCGEHEE,,AR,Public,Predominantly certificate-degree granting,,,,,"Far West (AK, CA, HI, NV, OR, WA)"
HARDING UNIVERSITY GRADUATE SCHOOL OF RELIGION,,,,MEMPHIS,,TN,Private nonprofit,Entirely graduate-degree granting,,,,,"Plains (IA, KS, MN, MO, NE, ND, SD)"
HARDING UNIVERSITY,,,,SEARCY,,AR,Private nonprofit,Predominantly bachelor's-degree granting,,,,,"Great Lakes (IL, IN, MI, OH, WI)"
HARRISON SCHOOL OF COSMETOLOGY,,,,HARRISON,,AR,Private for-profit,Predominantly certificate-degree granting,,,,,"Southeast (AL, AR, FL, GA, KY, LA, MS, NC, SC, TN, VA, WV)"
HENDERSON STATE UNIVERSITY,,,,ARKADELPHIA,,AR,Public,Predominantly bachelor's-degree granting,,,,,"Outlying Areas (AS, FM, GU, MH, MP, PR, PW, VI)"
HENDRIX COLLEGE,,,,CONWAY,,AR,Private nonprofit,Predominantly bachelor's-degree granting,,,,,"Great Lakes (IL, IN, MI, OH, WI)"
HOT SPRINGS BEAUTY COLLEGE,,,,HOT SPRINGS,,AR,Private for-profit,Predominantly certificate-degree granting,,,,,"Far West (AK, CA, HI, NV, OR, WA)"
JEFFERSON SCHOOL OF NURSING,,,,PINE BLUFF,,AR,Private nonprofit,Predominantly certificate-degree granting,,,,,"Far West (AK, CA, HI, NV, OR, WA)"
JOHN BROWN UNIVERSITY,,,,SILOAM SPRINGS,,AR,Private nonprofit,Predominantly bachelor's-degree granting,,,,,"Southeast (AL, AR, FL, GA, KY, LA, MS, NC, SC, TN, VA, WV)"
LEES SCHOOL OF COSMETOLOGY,,,,N LITTLE ROCK,,AR,Private for-profit,Predominantly certificate-degree granting,,,,,"Far West (AK, CA, HI, NV, OR, WA)"
LEONS HAIR TRAINING ACADEMY,,,,SPRINGDALE,,AR,Private for-profit,Predominantly certificate-degree granting,,,,,"New England (CT, ME, MA, NH, RI, VT)"
MARCEL-ROYALE BEAUTY ACADEMY,,,,ROGERS,,AR,Private for-profit,Predominantly certificate-degree granting,,,,,"Southwest (AZ, NM, OK, TX)"
MARSHA KAY BEAUTY COLLEGE,,,,MOUNTAIN HOME,,AR,Private for-profit,Predominantly certificate-degree granting,,,,,"Southeast (AL, AR, FL, GA, KY, LA, MS, NC, SC, TN, VA, WV)"
MELLIES BEAUTY COLLEGE,,,,FT SMITH,,AR,Private for-profit,Predominantly certificate-degree granting,,,,,"Far West (AK, CA, HI, NV, OR, WA)"
MID-SOUTH COMMUNITY COLLEGE,,,,WEST MEMPHIS,,AR,Public,Predominantly certificate-degree granting,,,,,"Mid East (DE, DC, MD, NJ, NY, PA)"
MISSISSIPPI COUNTY COMMUNITY COLLEGE,,,,BLYTHEVILLE,,AR,Public,Predominantly associate's-degree granting,,,,,"Mid East (DE, DC, MD, NJ, NY, PA)"
MARGARETS HAIR ACADEMY,,,,MORRILTON,,AR,Private for-profit,Not classified,,,,,"Mid East (DE, DC, MD, NJ, NY, PA)"
NEW TYLER BARBER COLLEGE INC,,,,N LITTLE ROCK,,AR,Private for-profit,Predominantly certificate-degree granting,,,,,"Southwest (AZ, NM, OK, TX)"
NORTH ARKANSAS COMMUNITY TECHNICAL COLLEGE,,,,HARRISON,,AR,Public,Predominantly associate's-degree granting,,,,,"Mid East (DE, DC, MD, NJ, NY, PA)"
NORTHWEST ARKANSAS COLLEGE OF COSMETOLOGY,,,,SILOAM SPRINGS,,AR,Private for-profit,Predominantly certificate-degree granting,,,,,"Great Lakes (IL, IN, MI, OH, WI)"
NORTHWEST TECHNICAL INSTITUTE,,,,SPRINGDALE,,AR,Public,Predominantly certificate-degree granting,,,,,"Southeast (AL, AR, FL, GA, KY, LA, MS, NC, SC, TN, VA, WV)"
OUACHITA BAPTIST UNIVERSITY,,,,ARKADELPHIA,,AR,Private nonprofit,Predominantly bachelor's-degree granting,,,,,"Plains (IA, KS, MN, MO, NE, ND, SD)"
OUACHITA TECHNICAL COLLEGE,,,,MALVERN,,AR,Public,Predominantly certificate-degree granting,,,,,"Great Lakes (IL, IN, MI, OH, WI)"
OZARKA TECHNICAL COLLEGE,,,,MELBOURNE,,AR,Public,Predominantly certificate-degree granting,,,,,"Great Lakes (IL, IN, MI, OH, WI)"
UNIVERSITY OF THE OZARKS,,,,CLARKSVILLE,,AR,Private nonprofit,Predominantly bachelor's-degree granting,,,,,"Plains (IA, KS, MN, MO, NE, ND, SD)"
PETIT JEAN TECHNICAL COLLEGE,,,,MORRILTON,,AR,Public,Predominantly certificate-degree granting,,,,,"Outlying Areas (AS, FM, GU, MH, MP, PR, PW, VI)"
PHILANDER SMITH COLLEGE,,,,LITTLE ROCK,,AR,Private nonprofit,Predominantly bachelor's-degree granting,,,,,"Southeast (AL, AR, FL, GA, KY, LA, MS, NC, SC, TN, VA, WV)"
PHILLIPS COMMUNITY COLLEGE OF THE UNIVERSITY OF AR,,,,HELENA,,AR,Public,Predominantly associate's-degree granting,,,,,"Mid East (DE, DC, MD, NJ, NY, PA)"
SOUTHEAST ARKANSAS TECHNICAL COLLEGE,,,,PINE BLUFF,,AR,Public,Predominantly certificate-degree granting,,,,,"Far West (AK, CA, HI, NV, OR, WA)"
PROFESSIONAL BEAUTY COLLEGE INC,,,,MONTICELLO,,AR,Private for-profit,Predominantly certificate-degree granting,,,,,"Great Lakes (IL, IN, MI, OH, WI)"
PROFESSIONAL COSMETOLOGY EDUCATION CENTER,,,,CAMDEN,,AR,Private for-profit,Predominantly certificate-degree granting,,,,,"Southwest (AZ, NM, OK, TX)"
PULASKI TECHNICAL COLLEGE,,,,NORTH LITTLE ROCK,,AR,Public,Predominantly certificate-degree granting,,,,,"Southwest (AZ, NM, OK, TX)"
QUAPAW TECHNICAL INSTITUTE,,,,HOT SPRINGS,,AR,Public,Predominantly certificate-degree granting,,,,,"Plains (IA, KS, MN, MO, NE, ND, SD)"
UNIVERSITY OF ARKANSAS COMMUNITY COLLEGE AT HOPE,,,,HOPE,,AR,Public,Predominantly certificate-degree granting,,,,,"Mid East (DE, DC, MD, NJ, NY, PA)"
PHILLIPS COMMUNITY COLLEGE,,,,DEWITT,,AR,Public,Predominantly certificate-degree granting,,,,,"Plains (IA, KS, MN, MO, NE, ND, SD)"
RICH MOUNTAIN COMMUNITY COLLEGE,,,,MENA,,AR,Public,Predominantly associate's-degree granting,,,,,"Plains (IA, KS, MN, MO, NE, ND, SD)"
FAYETTEVILLE BEAUTY COLLEGE,,,,FAYETTEVILLE,,AR,Private for-profit,Predominantly certificate-degree granting,,,,,"Great Lakes (IL, IN, MI, OH, WI)"
SEARCY BEAUTY COLLEGE INC,,,,SEARCY,,AR,Private for-profit,Predominantly certificate-degree granting,,,,,"Great Lakes (IL, IN, MI, OH, WI)"
SHORTER COLLEGE,,,,NORTH LITTLE ROCK,,AR,Private nonprofit,Predominantly associate's-degree granting,,,,,"Southeast (AL, AR, FL, GA, KY, LA, MS, NC, SC, TN, VA, WV)"
WILLIAMS BAPTIST COLLEGE,,,,WALNUT RIDGE,,AR,Private nonprofit,Predominantly bachelor's-degree granting,,,,,U.S. Service Schools
SOUTHERN INSTITUTE OF COSMETOLOGY,,,,WEST MEMPHIS,,AR,Private for-profit,Predominantly certificate-degree granting,,,,,"Mid East (DE, DC, MD, NJ, NY, PA)"
SPARKS REGIONAL MEDICAL CENTER SCH OF RADIOGRAPHY,,,,FT SMITH,,AR,Private nonprofit,Not classified,,,,,"Mid East (DE, DC, MD, NJ, NY, PA)"
SOUTH ARKANSAS COMMUNITY COLLEGE,,,,EL DORADO,,AR,Public,Predominantly certificate-degree granting,,,,,"Rocky Mountains (CO, ID, MT, UT, WY)"
SOUTHERN ARKANSAS UNIVERSITY MAIN CAMPUS,,,,MAGNOLIA,,AR,Public,Predominantly bachelor's-degree granting,,,,,"Far West (AK, CA, HI, NV, OR, WA)"
SOUTHERN ARKANSAS UNIVERSITY TECH,,,,CAMDEN,,AR,Public,Predominantly associate's-degree granting,,,,,"Southeast (AL, AR, FL, GA, KY, LA, MS, NC, SC, TN, VA, WV)"
WESTARK COMMUNITY COLLEGE,,,,FT SMITH,,AR,Public,Predominantly associate's-degree granting,,,,,"Southeast (AL, AR, FL, GA, KY, LA, MS, NC, SC, TN, VA, WV)"
ACADEMY OF ART COLLEGE,,,,SAN FRANCISCO,,CA,Private for-profit,Predominantly bachelor's-degree granting,,,,,"New England (CT, ME, MA, NH, RI, VT)"
ITT TECHNICAL INSTITUTE,,,,SACRAMENTO,,CA,Private for-profit,Predominantly associate's-degree granting,,,,,"Far West (AK, CA, HI, NV, OR, WA)"
ACADEMY OF COURT REPORTING INC,,,,LA MESA,,CA,Private for-profit,Predominantly certificate-degree granting,,,,,"Great Lakes (IL, IN, MI, OH, WI)"
THE ACADEMY OF RADIO BROADCASTING,,,,HUNTINGTON BEACH,,CA,Private for-profit,Predominantly certificate-degree granting,,,,,"Far West (AK, CA, HI, NV, OR, WA)"
ACADEMY PACIFIC BUSINESS AND TRAVEL COLLEGE,,,,LOS ANGELES,,CA,Private for-profit,Predominantly certificate-degree granting,,,,,"Great Lakes (IL, IN, MI, OH, WI)"
ALAMEDA BEAUTY COLLEGE,,,,ALAMEDA,,CA,Private for-profit,Predominantly certificate-degree granting,,,,,"Great Lakes (IL, IN, MI, OH, WI)"
COLLEGE OF ALAMEDA,,,,ALAMEDA,,CA,Public,Predominantly associate's-degree granting,,,,,"Far West (AK, CA, HI, NV, OR, WA)"
ALLAN HANCOCK COLLEGE,,,,SANTA MARIA,,CA,Public,Predominantly associate's-degree granting,,,,,"Plains (IA, KS, MN, MO, NE, ND, SD)"
AMERICAN ACADEMY OF DRAMATIC ARTS-WEST,,,,PASADENA,,CA,Private nonprofit,Not classified,,,,,"Southeast (AL, AR, FL, GA, KY, LA, MS, NC, SC, TN, VA, WV)"
AMERICAN BAPTIST SEMINARY OF THE WEST,,,,BERKELEY,,CA,Private nonprofit,Entirely graduate-degree granting,,,,,"Outlying Areas (AS, FM, GU, MH, MP, PR, PW, VI)"
AMERICAN FILM INST-CTR ADVANCED FILM & TV STUDIES,,,,LOS ANGELES,,CA,Private nonprofit,Entirely graduate-degree granting,,,,,"Great Lakes (IL, IN, MI, OH, WI)"
AMERICAN BEAUTY COLLEGE,,,,BELLFLOWER,,CA,Private for-profit,Predominantly certificate-degree granting,,,,,"Great Lakes (IL, IN, MI, OH, WI)"
EDUTEK PROFESSIONAL COLLEGES,,,,CHULA VISTA,,CA,Private for-profit,Not classified,,,,,"Great Lakes (IL, IN, MI, OH, WI)"
THE AMERICAN COLLEGE IN LOS ANGELES,,,,LOS ANGELES,,CA,Private for-profit,Predominantly bachelor's-degree granting,,,,,"Mid East (DE, DC, MD, NJ, NY, PA)"
AMERICAN CAREER COLLEGE,,,,LOS ANGELES,,CA,Private for-profit,Predominantly certificate-degree granting,,,,,"Plains (IA, KS, MN, MO, NE, ND, SD)"
INTERNATIONAL BUSINESS INSTITUTE,,,,SANTA ANA,,CA,Private for-profit,Predominantly certificate-degree granting,,,,,"Far West (AK, CA, HI, NV, OR, WA)"
AMERICAN CONSERVATORY THEATER,,,,SAN FRANCISCO,,CA,Private nonprofit,Predominantly certificate-degree granting,,,,,"Southeast (AL, AR, FL, GA, KY, LA, MS, NC, SC, TN, VA, WV)"
AMERICAN RIVER COLLEGE,,,,SACRAMENTO,,CA,Public,Predominantly associate's-degree granting,,,,,"Southeast (AL, AR, FL, GA, KY, LA, MS, NC, SC, TN, VA, WV)"
CONCORDE CAREER INSTITUTE,,,,SAN JOSE,,CA,Private for-profit,Predominantly certificate-degree granting,,,,,"Southeast (AL, AR, FL, GA, KY, LA, MS, NC, SC, TN, VA, WV)"
ANTELOPE VALLEY COLLEGE,,,,LANCASTER,,CA,Public,Predominantly associate's-degree granting,,,,,"Great Lakes (IL, IN, MI, OH, WI)"
ART CENTER COLLEGE OF DESIGN,,,,PASADENA,,CA,Private nonprofit,Predominantly bachelor's-degree granting,,,,,"Southeast (AL, AR, FL, GA, KY, LA, MS, NC, SC, TN, VA, WV)"
ASSOCIATED TECHNICAL COLLEGE,,,,LOS ANGELES,,CA,Private for-profit,Predominantly certificate-degree granting,,,,,"Southeast (AL, AR, FL, GA, KY, LA, MS, NC, SC, TN, VA, WV)"
ASSOCIATED TECHNICAL COLLEGE,,,,SAN DIEGO,,CA,Private for-profit,Predominantly certificate-degree granting,,,,,"Southeast (AL, AR, FL, GA, KY, LA, MS, NC, SC, TN, VA, WV)"
ASSOCIATED TECHNICAL COLLEGE-ANAHEIM,,,,ANAHEIM,,CA,Private for-profit,Predominantly certificate-degree granting,,,,,"Southwest (AZ, NM, OK, TX)"
AZUSA PACIFIC UNIVERSITY,,,,AZUSA,,CA,Private nonprofit,Predominantly bachelor's-degree granting,,,,,"Great Lakes (IL, IN, MI, OH, WI)"
BAKERSFIELD COLLEGE,,,,BAKERSFIELD,,CA,Public,Predominantly associate's-degree granting,,,,,"Mid East (DE, DC, MD, NJ, NY, PA)"
BARSTOW ACADEMY OF BEAUTY,,,,BARSTOW,,CA,Private for-profit,Predominantly certificate-degree granting,,,,,"Southwest (AZ, NM, OK, TX)"
BARSTOW COLLEGE,,,,BARSTOW,,CA,Public,Predominantly associate's-degree granting,,,,,"Far West (AK, CA, HI, NV, OR, WA)"
BAY VISTA COLLEGE OF BEAUTY,,,,NATIONAL,,CA,Private for-profit,Predominantly certificate-degree granting,,,,,"Southeast (AL, AR, FL, GA, KY, LA, MS, NC, SC, TN, VA, WV)"
BETHANY COLLEGE OF THE ASSEMBLIES OF GOD,,,,SCOTTS VALLEY,,CA,Private nonprofit,Predominantly bachelor's-degree granting,,,,,"Mid East (DE, DC, MD, NJ, NY, PA)"
BIOLA UNIVERSITY,,,,LA MIRADA,,CA,Private nonprofit,Predominantly bachelor's-degree granting,,,,,"Great Lakes (IL, IN, MI, OH, WI)"
BJORNS HAIRSTYLING ACADEMY,,,,VALLEJO,,CA,Private for-profit,Predominantly certificate-degree granting,,,,,"Far West (AK, CA, HI, NV, OR, WA)"
BROOKS COLLEGE,,,,LONG BEACH,,CA,Private for-profit,Predominantly associate's-degree granting,,,,,"Plains (IA, KS, MN, MO, NE, ND, SD)"
BROOKS INSTITUTE OF PHOTOGRAPHY,,,,SANTA BARBARA,,CA,Private for-profit,Predominantly bachelor's-degree granting,,,,,"Southeast (AL, AR, FL, GA, KY, LA, MS, NC, SC, TN, VA, WV)"
BROWNSON TECHNICAL SCHOOL,,,,ANAHEIM,,CA,Private for-profit,Predominantly certificate-degree granting,,,,,"Far West (AK, CA, HI, NV, OR, WA)"
BRYAN COLLEGE OF COURT REPORTING,,,,LOS ANGELES,,CA,Private for-profit,Predominantly certificate-degree granting,,,,,"Mid East (DE, DC, MD, NJ, NY, PA)"
BUTTE COLLEGE,,,,OROVILLE,,CA,Public,Predominantly certificate-degree granting,,,,,"Southeast (AL, AR, FL, GA, KY, LA, MS, NC, SC, TN, VA, WV)"
PHILLIPS GRADUATE INSTITUTE,,,,NORTH HOLLYWOOD,,CA,Private nonprofit,Entirely graduate-degree granting,,,,,"Southeast (AL, AR, FL, GA, KY, LA, MS, NC, SC, TN, VA, WV)"
CALIFORNIA INSTITUTE OF INTEGRAL STUDIES,,,,SAN FRANCISCO,,CA,Private nonprofit,Predominantly bachelor's-degree granting,,,,,"Plains (IA, KS, MN, MO, NE, ND, SD)"
CALIFORNIA PARAMEDIC AND TECHNICAL COLLEGE,,,,RIVERSIDE,,CA,Private for-profit,Predominantly certificate-degree granting,,,,,"Southeast (AL, AR, FL, GA, KY, LA, MS, NC, SC, TN, VA, WV)"
CABRILLO COLLEGE,,,,APTOS,,CA,Public,Predominantly associate's-degree granting,,,,,"Southeast (AL, AR, FL, GA, KY, LA, MS, NC, SC, TN, VA, WV)"
CALIFORNIA BAPTIST COLLEGE,,,,RIVERSIDE,,CA,Private nonprofit,Predominantly bachelor's-degree granting,,,,,"Great Lakes (IL, IN, MI, OH, WI)"
CALIFORNIA COLLEGE OF ARTS AND CRAFTS,,,,OAKLAND,,CA,Private nonprofit,Predominantly bachelor's-degree granting,,,,,"Southeast (AL, AR, FL, GA, KY, LA, MS, NC, SC, TN, VA, WV)"
UNIVERSITY OF CALIFORNIA HASTINGS COLLEGE OF LAW,,,,SAN FRANCISCO,,CA,Public,Entirely graduate-degree granting,,,,,"Great Lakes (IL, IN, MI, OH, WI)"
CALIFORNIA INSTITUTE OF TECHNOLOGY,,,,PASADENA,,CA,Private nonprofit,Predominantly bachelor's-degree granting,,,,,"Plains (IA, KS, MN, MO, NE, ND, SD)"
CALIFORNIA LUTHERAN UNIVERSITY,,,,THOUSAND OAKS,,CA,Private nonprofit,Predominantly bachelor's-degree granting,,,,,"Southeast (AL, AR, FL, GA, KY, LA, MS, NC, SC, TN, VA, WV)"
CALIFORNIA POLYTECHNIC STATE UNIV-SAN LUIS OBISPO,,,,SAN LUIS OBISPO,,CA,Public,Predominantly bachelor's-degree granting,,,,,"Southwest (AZ, NM, OK, TX)"
CALIFORNIA SCHOOL OF PROFESSIONAL PSYCH-FRESNO,,,,FRESNO,,CA,Private nonprofit,Entirely graduate-degree granting,,,,,"Mid East (DE, DC, MD, NJ, NY, PA)"
CALIFORNIA SCHOOL OF PROFESSIONAL PSYCH-LA,,,,ALHAMBRA,,CA,Private nonprofit,Entirely graduate-degree granting,,,,,"Plains (IA, KS, MN, MO, NE, ND, SD)"
CALIFORNIA SCHOOL OF PROFESSIONAL PSYCH-SAN DIEGO,,,,SAN DIEGO,,CA,Private nonprofit,Entirely graduate-degree granting,,,,,"Southeast (AL, AR, FL, GA, KY, LA, MS, NC, SC, TN, VA, WV)"
CALIFORNIA SCHOOL OF PROFESSIONAL PSYCH-ALAMEDA,,,,ALAMEDA,,CA,Private nonprofit,Entirely graduate-degree granting,,,,,"Great Lakes (IL, IN, MI, OH, WI)"
CALIFORNIA STATE UNIVERSITY-BAKERSFIELD,,,,BAKERSFIELD,,CA,Public,Predominantly bachelor's-degree granting,,,,,"Mid East (DE, DC, MD, NJ, NY, PA)"
CALIFORNIA STATE UNIVERSITY-STANISLAUS,,,,TURLOCK,,CA,Public,Predominantly bachelor's-degree granting,,,,,"Great Lakes (IL, IN, MI, OH, WI)"
CALIFORNIA STATE UNIVERSITY-SAN BERNARDINO,,,,SAN BERNARDINO,,CA,Public,Predominantly bachelor's-degree granting,,,,,"Southeast (AL, AR, FL, GA, KY, LA, MS, NC, SC, TN, VA, WV)"
CALIFORNIA STATE POLYTECHNIC UNIVERSITY-POMONA,,,,POMONA,,CA,Public,Predominantly bachelor's-degree granting,,,,,"Southeast (AL, AR, FL, GA, KY, LA, MS, NC, SC, TN, VA, WV)"
CALIFORNIA STATE UNIVERSITY-CHICO,,,,CHICO,,CA,Public,Predominantly bachelor's-degree granting,,,,,"Mid East (DE, DC, MD, NJ, NY, PA)"
CALIFORNIA STATE UNIVERSITY-DOMINGUEZ HILLS,,,,CARSON,,CA,Public,Predominantly bachelor's-degree granting,,,,,"Rocky Mountains (CO, ID, MT, UT, WY)"
CALIFORNIA STATE UNIVERSITY-FRESNO,,,,FRESNO,,CA,Public,Predominantly bachelor's-degree granting,,,,,"Mid East (DE, DC, MD, NJ, NY, PA)"
CALIFORNIA STATE UNIVERSITY-FULLERTON,,,,FULLERTON,,CA,Public,Predominantly bachelor's-degree granting,,,,,"Southeast (AL, AR, FL, GA, KY, LA, MS, NC, SC, TN, VA, WV)"
CALIFORNIA STATE UNIVERSITY-HAYWARD,,,,HAYWARD,,CA,Public,Predominantly bachelor's-degree granting,,,,,"Southeast (AL, AR, FL, GA, KY, LA, MS, NC, SC, TN, VA, WV)"
CALIFORNIA STATE UNIVERSITY-LONG BEACH,,,,LONG BEACH,,CA,Public,Predominantly bachelor's-degree granting,,,,,"Plains (IA, KS, MN, MO, NE, ND, SD)"
CALIFORNIA STATE UNIVERSITY-LOS ANGELES,,,,LOS ANGELES,,CA,Public,Predominantly bachelor's-degree granting,,,,,"Great Lakes (IL, IN, MI, OH, WI)"
CALIFORNIA STATE UNIVERSITY-NORTHRIDGE,,,,NORTHRIDGE,,CA,Public,Predominantly bachelor's-degree granting,,,,,"New England (CT, ME, MA, NH, RI, VT)"
CALIFORNIA STATE UNIVERSITY-SACRAMENTO,,,,SACRAMENTO,,CA,Public,Predominantly bachelor's-degree granting,,,,,"Mid East (DE, DC, MD, NJ, NY, PA)"
UNIVERSITY OF CALIFORNIA-BERKELEY,,,,BERKELEY,,CA,Public,Predominantly bachelor's-degree granting,,,,,"Far West (AK, CA, HI, NV, OR, WA)"
UNIVERSITY OF CALIFORNIA-DAVIS,,,,DAVIS,,CA,Public,Predominantly bachelor's-degree granting,,,,,"Great Lakes (IL, IN, MI, OH, WI)"
UNIVERSITY OF CALIFORNIA-IRVINE,,,,IRVINE,,CA,Public,Predominantly bachelor's-degree granting,,,,,"Southeast (AL, AR, FL, GA, KY, LA, MS, NC, SC, TN, VA, WV)"
UNIVERSITY OF CALIFORNIA-LOS ANGELES,,,,LOS ANGELES,,CA,Public,Predominantly bachelor's-degree granting,,,,,"Plains (IA, KS, MN, MO, NE, ND, SD)"
UNIVERSITY OF CALIFORNIA-RIVERSIDE,,,,RIVERSIDE,,CA,Public,Predominantly bachelor's-degree granting,,,,,"Southeast (AL, AR, FL, GA, KY, LA, MS, NC, SC, TN, VA, WV)"
UNIVERSITY OF CALIFORNIA-SAN DIEGO,,,,LA JOLLA,,CA,Public,Predominantly bachelor's-degree granting,,,,,"Rocky Mountains (CO, ID, MT, UT, WY)"
UNIVERSITY OF CALIFORNIA-SAN FRANCISCO,,,,SAN FRANCISCO,,CA,Public,Predominantly bachelor's-degree granting,,,,,"Mid East (DE, DC, MD, NJ, NY, PA)"
UNIVERSITY OF CALIFORNIA-SANTA BARBARA,,,,SANTA BARBARA,,CA,Public,Predominantly bachelor's-degree granting,,,,,"Mid East (DE, DC, MD, NJ, NY, PA)"
UNIVERSITY OF CALIFORNIA-SANTA CRUZ,,,,SANTA CRUZ,,CA,Public,Predominantly bachelor's-degree granting,,,,,"New England (CT, ME, MA, NH, RI, VT)"
INSTITUTE OF TRANSPERSONAL PSYCHOLOGY,,,,PALO ALO,,CA,Private nonprofit,Entirely graduate-degree granting,,,,,"Southeast (AL, AR, FL, GA, KY, LA, MS, NC, SC, TN, VA, WV)"
CALIFORNIA BEAUTY SCHOOL,,,,MODESTO,,CA,Private for-profit,Predominantly certificate-degree granting,,,,,"Far West (AK, CA, HI, NV, OR, WA)"
CALIFORNIA BUSINESS INSTITUTE,,,,EL MONTE,,CA,Private for-profit,Predominantly certificate-degree granting,,,,,"Southeast (AL, AR, FL, GA, KY, LA, MS, NC, SC, TN, VA, WV)"
CALIFORNIA CHRISTIAN COLLEGE,,,,FRESNO,,CA,Private nonprofit,Predominantly associate's-degree granting,,,,,"Southeast (AL, AR, FL, GA, KY, LA, MS, NC, SC, TN, VA, WV)"
CALIFORNIA COLLEGE FOR HEALTH SCIENCES,,,,NATIONAL CITY,,CA,Private for-profit,Predominantly certificate-degree granting,,,,,"Far West (AK, CA, HI, NV, OR, WA)"
CALIFORNIA COLLEGE OF PODIATRIC MEDICINE,,,,SAN FRANCISCO,,CA,Private nonprofit,Entirely graduate-degree granting,,,,,"Great Lakes (IL, IN, MI, OH, WI)"
CALIFORNIA CULINARY ACADEMY,,,,SAN FRANCISCO,,CA,Private for-profit,Predominantly associate's-degree granting,,,,,"Great Lakes (IL, IN, MI, OH, WI)"
CALIFORNIA HAIR DESIGN ACADEMY,,,,SAN DIEGO,,CA,Private for-profit,Predominantly certificate-degree granting,,,,,"New England (CT, ME, MA, NH, RI, VT)"
CALIFORNIA INSTITUTE OF THE ARTS,,,,VALENCIA,,CA,Private nonprofit,Predominantly bachelor's-degree granting,,,,,"Southwest (AZ, NM, OK, TX)"
CALIFORNIA MARITIME ACADEMY,,,,VALLEJO,,CA,Public,Predominantly bachelor's-degree granting,,,,,"Southeast (AL, AR, FL, GA, KY, LA, MS, NC, SC, TN, VA, WV)"
CALIFORNIA PARAMEDICAL AND TECHNICAL COLLEGE,,,,LONG BEACH,,CA,Private for-profit,Predominantly certificate-degree granting,,,,,"Great Lakes (IL, IN, MI, OH, WI)"
CALIFORNIA MEDICAL SCHOOL OF SHIATSU,,,,FRESNO,,CA,Private for-profit,Predominantly certificate-degree granting,,,,,"Far West (AK, CA, HI, NV, OR, WA)"
CALIFORNIA WESTERN SCHOOL OF LAW,,,,SAN DIEGO,,CA,Private nonprofit,Entirely graduate-degree granting,,,,,"Plains (IA, KS, MN, MO, NE, ND, SD)"
CANADA COLLEGE,,,,REDWOOD CITY,,CA,Public,Predominantly certificate-degree granting,,,,,"Rocky Mountains (CO, ID, MT, UT, WY)"
COLLEGE OF THE CANYONS,,,,SANTA CLARITA,,CA,Public,Predominantly certificate-degree granting,,,,,"Southeast (AL, AR, FL, GA, KY, LA, MS, NC, SC, TN, VA, WV)"
CAREER ACADEMY OF BEAUTY,,,,SEAL BEACH,,CA,Private for-profit,Predominantly certificate-degree granting,,,,,"New England (CT, ME, MA, NH, RI, VT)"
CASA LOMA COLLEGE,,,,SYLMAR,,CA,Private nonprofit,Predominantly certificate-degree granting,,,,,"Mid East (DE, DC, MD, NJ, NY, PA)"
CENTER FOR EMPLOYMENT TRAINING-SAN DIEGO,,,,SAN DIEGO,,CA,Private nonprofit,Predominantly certificate-degree granting,,,,,"Great Lakes (IL, IN, MI, OH, WI)"
CENTER FOR EMPLOYMENT TRAINING-SAN JOSE-VINE,,,,SAN JOSE,,CA,Private nonprofit,Predominantly certificate-degree granting,,,,,"Southeast (AL, AR, FL, GA, KY, LA, MS, NC, SC, TN, VA, WV)"
CENTER FOR EMPLOYMENT TRAINING-EL CENTRO,,,,EL CENTRO,,CA,Private nonprofit,Predominantly certificate-degree granting,,,,,"Plains (IA, KS, MN, MO, NE, ND, SD)"
CENTER FOR EMPLOYMENT TRAINING-RIVERSIDE,,,,RIVERSIDE,,CA,Private nonprofit,Predominantly certificate-degree granting,,,,,"Great Lakes (IL, IN, MI, OH, WI)"
CENTER FOR EMPLOYMENT TRAINING-WATSONVILLE,,,,WATSONVILLE,,CA,Private nonprofit,Predominantly certificate-degree granting,,,,,"Southeast (AL, AR, FL, GA, KY, LA, MS, NC, SC, TN, VA, WV)"
CENTER FOR EMPLOYMENT TRAINING-GILROY,,,,GILROY,,CA,Private nonprofit,Predominantly certificate-degree granting,,,,,"Southeast (AL, AR, FL, GA, KY, LA, MS, NC, SC, TN, VA, WV)"
CENTER FOR EMPLOYMENT TRAINING-SALINAS,,,,SALINAS,,CA,Private nonprofit,Predominantly certificate-degree granting,,,,,"Southeast (AL, AR, FL, GA, KY, LA, MS, NC, SC, TN, VA, WV)"
CERRITOS COLLEGE,,,,NORWALK,,CA,Public,Predominantly associate's-degree granting,,,,,"Southeast (AL, AR, FL, GA, KY, LA, MS, NC, SC, TN, VA, WV)"
CERRO COSO COMMUNITY COLLEGE,,,,RIDGECREST,,CA,Public,Predominantly associate's-degree granting,,,,,"Plains (IA, KS, MN, MO, NE, ND, SD)"
CHABOT COLLEGE,,,,HAYWARD,,CA,Public,Predominantly associate's-degree granting,,,,,"Southeast (AL, AR, FL, GA, KY, LA, MS, NC, SC, TN, VA, WV)"
CHAFFEY COMMUNITY COLLEGE,,,,RANCHO CUCAMONGA,,CA,Public,Predominantly associate's-degree granting,,,,,"Southwest (AZ, NM, OK, TX)"
CHAPMAN UNIVERSITY,,,,ORANGE,,CA,Private nonprofit,Predominantly bachelor's-degree granting,,,,,"New England (CT, ME, MA, NH, RI, VT)"
CHARLES R DREW UNIVERSITY OF MEDICINE AND SCIENCE,,,,LOS ANGELES,,CA,Private nonprofit,Predominantly associate's-degree granting,,,,,"Southwest (AZ, NM, OK, TX)"
CHILDRENS HOSPITAL SCHOOL OF XRAY TECHNOLOGY,,,,LOS ANGELES,,CA,Private nonprofit,Predominantly certificate-degree granting,,,,,"Rocky Mountains (CO, ID, MT, UT, WY)"
CONCORDIA UNIVERSITY,,,,IRVINE,,CA,Private nonprofit,Predominantly bachelor's-degree granting,,,,,"Mid East (DE, DC, MD, NJ, NY, PA)"
CHRISTIAN HERITAGE COLLEGE,,,,EL CAJON,,CA,Private nonprofit,Predominantly bachelor's-degree granting,,,,,"Southeast (AL, AR, FL, GA, KY, LA, MS, NC, SC, TN, VA, WV)"
CHURCH DIVINITY SCHOOL OF THE PACIFIC,,,,BERKELEY,,CA,Private nonprofit,Entirely graduate-degree granting,,,,,"Mid East (DE, DC, MD, NJ, NY, PA)"
CITRUS COLLEGE,,,,GLENDORA,,CA,Public,Predominantly certificate-degree granting,,,,,"New England (CT, ME, MA, NH, RI, VT)"
CITY COLLEGE OF SAN FRANCISCO,,,,SAN FRANCISCO,,CA,Public,Predominantly associate's-degree granting,,,,,"Great Lakes (IL, IN, MI, OH, WI)"
CLAREMONT GRADUATE SCHOOL,,,,CLAREMONT,,CA,Private nonprofit,Entirely graduate-degree granting,,,,,"Plains (IA, KS, MN, MO, NE, ND, SD)"
CLAREMONT MCKENNA COLLEGE,,,,CLAREMONT,,CA,Private nonprofit,Predominantly bachelor's-degree granting,,,,,"Plains (IA, KS, MN, MO, NE, ND, SD)"
GOLDEN STATE BUSINESS COLLEGE,,,,VISALIA,,CA,Private for-profit,Predominantly certificate-degree granting,,,,,"Far West (AK, CA, HI, NV, OR, WA)"
CLEVELAND CHIROPRACTIC COLLEGE OF LOS ANGELES,,,,LOS ANGELES,,CA,Private nonprofit,Entirely graduate-degree granting,,,,,"Far West (AK, CA, HI, NV, OR, WA)"
CLOVIS ADULT EDUCATION,,,,CLOVIS,,CA,Public,Predominantly certificate-degree granting,,,,,"Far West (AK, CA, HI, NV, OR, WA)"
COASTLINE COMMUNITY COLLEGE,,,,FOUNTAIN VALLEY,,CA,Public,Predominantly certificate-degree granting,,,,,"Southwest (AZ, NM, OK, TX)"
COGSWELL COLLEGE,,,,SUNNYVALE,,CA,Private nonprofit,Predominantly bachelor's-degree granting,,,,,"Rocky Mountains (CO, ID, MT, UT, WY)"
COLEMAN COLLEGE,,,,LA MESA,,CA,Private nonprofit,Predominantly certificate-degree granting,,,,,"Plains (IA, KS, MN, MO, NE, ND, SD)"
COLLEEN O'HARAS BEAUTY ACADEMY,,,,ORANGE,,CA,Private for-profit,Predominantly certificate-degree granting,,,,,"Plains (IA, KS, MN, MO, NE, ND, SD)"
COLLEGE OF OCEANEERING,,,,WILMINGTON,,CA,Private for-profit,Predominantly certificate-degree granting,,,,,"Mid East (DE, DC, MD, NJ, NY, PA)"
WESTERN UNIVERSITY OF HEALTH SCIENCES,,,,POMONA,,CA,Private nonprofit,Predominantly certificate-degree granting,,,,,"Far West (AK, CA, HI, NV, OR, WA)"
COLUMBIA COLLEGE,,,,SONORA,,CA,Public,Predominantly associate's-degree granting,,,,,"Southeast (AL, AR, FL, GA, KY, LA, MS, NC, SC, TN, VA, WV)"
COLUMBIA COLLEGE-HOLLYWOOD,,,,HOLLYWOOD,,CA,Private nonprofit,Predominantly bachelor's-degree granting,,,,,"Southwest (AZ, NM, OK, TX)"
COMPTON COMMUNITY COLLEGE,,,,COMPTON,,CA,Public,Predominantly associate's-degree granting,,,,,"Far West (AK, CA, HI, NV, OR, WA)"
COMPUTER LEARNING CENTER,,,,LOS ANGELES,,CA,Private for-profit,Predominantly certificate-degree granting,,,,,"Southeast (AL, AR, FL, GA, KY, LA, MS, NC, SC, TN, VA, WV)"
COMPUTER LEARNING CENTER,,,,SAN JOSE,,CA,Private for-profit,Predominantly certificate-degree granting,,,,,"Southwest (AZ, NM, OK, TX)"
COMPUTER LEARNING CENTER OF ANAHEIM,,,,ANAHEIM,,CA,Private for-profit,Predominantly certificate-degree granting,,,,,"Southeast (AL, AR, FL, GA, KY, LA, MS, NC, SC, TN, VA, WV)"
CONSOLIDATED WELDING SCHOOL,,,,LYNWOOD,,CA,Private for-profit,Predominantly certificate-degree granting,,,,,"Southwest (AZ, NM, OK, TX)"
CONTEMPO SCHOOL OF BEAUTY,,,,INGLEWOOD,,CA,Private for-profit,Predominantly certificate-degree granting,,,,,"Far West (AK, CA, HI, NV, OR, WA)"
SAN FERNANDO BEAUTY ACADEMY,,,,SYLMAR,,CA,Private for-profit,Predominantly certificate-degree granting,,,,,"Far West (AK, CA, HI, NV, OR, WA)"
CONTRA COSTA COLLEGE,,,,SAN PABLO,,CA,Public,Predominantly associate's-degree granting,,,,,"Southeast (AL, AR, FL, GA, KY, LA, MS, NC, SC, TN, VA, WV)"
COSUMNES RIVER COLLEGE,,,,SACRAMENTO,,CA,Public,Predominantly associate's-degree granting,,,,,"Mid East (DE, DC, MD, NJ, NY, PA)"
BRYAN COLLEGE-SAN FRANCISCO,,,,SAN FRANCISCO,,CA,Private for-profit,Not classified,,,,,"Mid East (DE, DC, MD, NJ, NY, PA)"
CRAFTON HILLS COLLEGE,,,,YUCAIPA,,CA,Public,Predominantly certificate-degree granting,,,,,"Mid East (DE, DC, MD, NJ, NY, PA)"
CUESTA COLLEGE,,,,SAN LUIS OBISPO,,CA,Public,Predominantly associate's-degree granting,,,,,"Southeast (AL, AR, FL, GA, KY, LA, MS, NC, SC, TN, VA, WV)"
CUYAMACA COLLEGE,,,,EL CAJON,,CA,Public,Predominantly associate's-degree granting,,,,,"New England (CT, ME, MA, NH, RI, VT)"
CYPRESS COLLEGE,,,,CYPRESS,,CA,Public,Predominantly associate's-degree granting,,,,,"Southeast (AL, AR, FL, GA, KY, LA, MS, NC, SC, TN, VA, WV)"
D-Q UNIVERSITY,,,,DAVIS,,CA,Private nonprofit,Predominantly certificate-degree granting,,,,,"Mid East (DE, DC, MD, NJ, NY, PA)"
DANIEL FREEMAN HOSPITAL PARAMEDIC SCHOOL,,,,INGLEWOOD,,CA,Private nonprofit,Predominantly certificate-degree granting,,,,,"Mid East (DE, DC, MD, NJ, NY, PA)"
DE ANZA COLLEGE,,,,CUPERTINO,,CA,Public,Predominantly associate's-degree granting,,,,,"Far West (AK, CA, HI, NV, OR, WA)"
DEEP SPRINGS COLLEGE,,,,DYER,,NV,Private nonprofit,Not classified,,,,,"Mid East (DE, DC, MD, NJ, NY, PA)"
DELL'ARTE SCHOOL OF PHYSICAL THEATRE,,,,BLUE LAKE,,CA,Private nonprofit,Predominantly certificate-degree granting,,,,,"Far West (AK, CA, HI, NV, OR, WA)"
COLLEGE OF THE DESERT,,,,PALM DESERT,,CA,Public,Predominantly associate's-degree granting,,,,,"Far West (AK, CA, HI, NV, OR, WA)"
DESIGN INSTITUTE OF SAN DIEGO,,,,SAN DIEGO,,CA,Private for-profit,Predominantly bachelor's-degree granting,,,,,"Plains (IA, KS, MN, MO, NE, ND, SD)"
DEVRY INSTITUTE OF TECHNOLOGY-POMONA,,,,POMONA,,CA,Private for-profit,Predominantly bachelor's-degree granting,,,,,"Southeast (AL, AR, FL, GA, KY, LA, MS, NC, SC, TN, VA, WV)"
DIABLO VALLEY COLLEGE,,,,PLEASANT HILL,,CA,Public,Predominantly associate's-degree granting,,,,,"Plains (IA, KS, MN, MO, NE, ND, SD)"
DICKINSON-WARREN COLLEGE,,,,CONCORD,,CA,Private for-profit,Predominantly certificate-degree granting,,,,,"Southeast (AL, AR, FL, GA, KY, LA, MS, NC, SC, TN, VA, WV)"
DOMINICAN COLLEGE OF SAN RAFAEL,,,,SAN RAFAEL,,CA,Private nonprofit,Predominantly bachelor's-degree granting,,,,,"Southeast (AL, AR, FL, GA, KY, LA, MS, NC, SC, TN, VA, WV)"
DOMINICAN SCHOOL OF PHILOSOPHY AND THEOLOGY,,,,BERKELEY,,CA,Private nonprofit,Predominantly bachelor's-degree granting,,,,,"Mid East (DE, DC, MD, NJ, NY, PA)"
DON BOSCO TECHNICAL INSTITUTE,,,,ROSEMEAD,,CA,Private nonprofit,Predominantly associate's-degree granting,,,,,"Mid East (DE, DC, MD, NJ, NY, PA)"
DONS BEAUTY SCHOOL,,,,SAN MATEO,,CA,Private for-profit,Predominantly certificate-degree granting,,,,,"Southwest (AZ, NM, OK, TX)"
EAST LOS ANGELES COLLEGE,,,,MONTEREY PARK,,CA,Public,Predominantly associate's-degree granting,,,,,"Southeast (AL, AR, FL, GA, KY, LA, MS, NC, SC, TN, VA, WV)"
EAST LOS ANGELES OCCUPATIONAL CENTER,,,,LOS ANGELES,,CA,Public,Predominantly certificate-degree granting,,,,,"Southwest (AZ, NM, OK, TX)"
CALIFORNIA COSMETOLOGY COLLEGE,,,,SAN JOSE,,CA,Private for-profit,Predominantly certificate-degree granting,,,,,"Plains (IA, KS, MN, MO, NE, ND, SD)"
EDUCATIONAL CULTURAL COMPLEX,,,,SAN DIEGO,,CA,Public,Predominantly certificate-degree granting,,,,,"Southwest (AZ, NM, OK, TX)"
EL CAMINO COLLEGE,,,,TORRANCE,,CA,Public,Predominantly associate's-degree granting,,,,,"Rocky Mountains (CO, ID, MT, UT, WY)"
ELDORADO COLLEGE,,,,OCEANSIDE,,CA,Private for-profit,Predominantly certificate-degree granting,,,,,"Southeast (AL, AR, FL, GA, KY, LA, MS, NC, SC, TN, VA, WV)"
ELDORADO COLLEGE,,,,WEST COVINA,,CA,Private for-profit,Predominantly certificate-degree granting,,,,,"Southeast (AL, AR, FL, GA, KY, LA, MS, NC, SC, TN, VA, WV)"
ELEGANCE INTERNATIONAL,,,,LOS ANGELES,,CA,Private for-profit,Predominantly certificate-degree granting,,,,,"Plains (IA, KS, MN, MO, NE, ND, SD)"
ELEGANTE BEAUTY COLLEGE,,,,LA PUENTE,,CA,Private for-profit,Predominantly certificate-degree granting,,,,,"Far West (AK, CA, HI, NV, OR, WA)"
ELEGANTE BEAUTY COLLEGE,,,,LONG BEACH,,CA,Private for-profit,Predominantly certificate-degree granting,,,,,"Southwest (AZ, NM, OK, TX)"
ELEGANTE BEAUTY COLLEGE,,,,MORENO VALLEY,,CA,Private for-profit,Predominantly certificate-degree granting,,,,,"Mid East (DE, DC, MD, NJ, NY, PA)"
EMPERORS COLLEGE OF TRADITIONAL ORIENTAL MEDICINE,,,,SANTA MONICA,,CA,Private for-profit,Entirely graduate-degree granting,,,,,"Southwest (AZ, NM, OK, TX)"
EMPIRE COLLEGE SCHOOL OF BUSINESS,,,,SANTA ROSA,,CA,Private for-profit,Predominantly certificate-degree granting,,,,,"Plains (IA, KS, MN, MO, NE, ND, SD)"
EVERGREEN VALLEY COLLEGE,,,,SAN JOSE,,CA,Public,Predominantly associate's-degree granting,,,,,"Mid East (DE, DC, MD, NJ, NY, PA)"
FASHION INSTITUTE OF DESIGN AND MERCH-LOS ANGELES,,,,LOS ANGELES,,CA,Private for-profit,Predominantly associate's-degree granting,,,,,"Southeast (AL, AR, FL, GA, KY, LA, MS, NC, SC, TN, VA, WV)"
FASHION CAREERS OF CALIFORNIA,,,,SAN DIEGO,,CA,Private for-profit,Predominantly associate's-degree granting,,,,,"Far West (AK, CA, HI, NV, OR, WA)"
FASHION INSTITUTE OF DESIGN AND MERCH-SAN FRAN,,,,SAN FRANCISCO,,CA,Private for-profit,Predominantly associate's-degree granting,,,,,"Southeast (AL, AR, FL, GA, KY, LA, MS, NC, SC, TN, VA, WV)"
FASHION INSTITUTE OF DESIGN AND MERCH-ORANGE CNTY,,,,COSTA MESA,,CA,Private for-profit,Predominantly associate's-degree granting,,,,,"Great Lakes (IL, IN, MI, OH, WI)"
FEATHER RIVER COMMUNITY COLLEGE DISTRICT,,,,QUINCY,,CA,Public,Predominantly associate's-degree granting,,,,,"Southeast (AL, AR, FL, GA, KY, LA, MS, NC, SC, TN, VA, WV)"
FEDERICO COLLEGE OF HAIRSTYLING,,,,SACRAMENTO,,CA,Private for-profit,Predominantly certificate-degree granting,,,,,"Great Lakes (IL, IN, MI, OH, WI)"
FEDERICOS KERN COUNTY COLLEGE OF BEAUTY,,,,BAKERSFIELD,,CA,Private for-profit,Not classified,,,,,"Mid East (DE, DC, MD, NJ, NY, PA)"
THE FIELDING INSTITUTE,,,,SANTA BARBARA,,CA,Private nonprofit,Entirely graduate-degree granting,,,,,"Mid East (DE, DC, MD, NJ, NY, PA)"
HAIR CALIFORNIA BEAUTY ACADEMY,,,,ORANGE,,CA,Private for-profit,Predominantly certificate-degree granting,,,,,"Southeast (AL, AR, FL, GA, KY, LA, MS, NC, SC, TN, VA, WV)"
FOOTHILL COLLEGE,,,,LOS ALTOS HILLS,,CA,Public,Predominantly associate's-degree granting,,,,,"Mid East (DE, DC, MD, NJ, NY, PA)"
FREDERICK & CHARLES BEAUTY COLLEGE,,,,EUREKA,,CA,Private for-profit,Predominantly certificate-degree granting,,,,,"Mid East (DE, DC, MD, NJ, NY, PA)"
FRESNO CITY COLLEGE,,,,FRESNO,,CA,Public,Predominantly associate's-degree granting,,,,,"Great Lakes (IL, IN, MI, OH, WI)"
FRESNO PACIFIC COLLEGE,,,,FRESNO,,CA,Private nonprofit,Predominantly bachelor's-degree granting,,,,,"Southeast (AL, AR, FL, GA, KY, LA, MS, NC, SC, TN, VA, WV)"
FULLER THEOLOGICAL SEMINARY IN CALIFORNIA,,,,PASADENA,,CA,Private nonprofit,Entirely graduate-degree granting,,,,,"Southeast (AL, AR, FL, GA, KY, LA, MS, NC, SC, TN, VA, WV)"
FULLERTON COLLEGE,,,,FULLERTON,,CA,Public,Predominantly associate's-degree granting,,,,,"Great Lakes (IL, IN, MI, OH, WI)"
GALEN COLLEGE OF MEDICAL AND DENTAL ASSISTANTS,,,,MODESTO,,CA,Private for-profit,Predominantly certificate-degree granting,,,,,"Far West (AK, CA, HI, NV, OR, WA)"
GALEN COLLEGE OF MEDICAL AND DENTAL ASSISTANTS,,,,FRESNO,,CA,Private for-profit,Predominantly certificate-degree granting,,,,,"Southeast (AL, AR, FL, GA, KY, LA, MS, NC, SC, TN, VA, WV)"
GALEN COLLEGE OF MEDICAL AND DENTAL ASSISTANTS,,,,VISALIA,,CA,Private for-profit,Predominantly certificate-degree granting,,,,,"Great Lakes (IL, IN, MI, OH, WI)"
GANAYE ACADEMY OF COSMETOLOGY INC,,,,SAN JOSE,,CA,Private for-profit,Predominantly certificate-degree granting,,,,,"Mid East (DE, DC, MD, NJ, NY, PA)"
GAVILAN COLLEGE,,,,GILROY,,CA,Public,Predominantly associate's-degree granting,,,,,"Great Lakes (IL, IN, MI, OH, WI)"
GEMOLOGICAL INSTITUTE OF AMERICA,,,,CARLSBAD,,CA,Private nonprofit,Predominantly certificate-degree granting,,,,,"Southeast (AL, AR, FL, GA, KY, LA, MS, NC, SC, TN, VA, WV)"
GLENDALE COMMUNITY COLLEGE,,,,GLENDALE,,CA,Public,Predominantly associate's-degree granting,,,,,"Plains (IA, KS, MN, MO, NE, ND, SD)"
GLENDALE CAREER COLLEGE,,,,GLENDALE,,CA,Private for-profit,Predominantly certificate-degree granting,,,,,"Plains (IA, KS, MN, MO, NE, ND, SD)"
GOLDEN GATE BAPTIST SEMINARY,,,,MILL VALLEY,,CA,Private nonprofit,Entirely graduate-degree granting,,,,,"Mid East (DE, DC, MD, NJ, NY, PA)"
GOLDEN GATE UNIVERSITY-MONTEREY,,,,MONTEREY,,CA,Private nonprofit,Predominantly bachelor's-degree granting,,,,,"Southeast (AL, AR, FL, GA, KY, LA, MS, NC, SC, TN, VA, WV)"
GOLDEN GATE UNIVERSITY-SAN FRANCISCO,,,,SAN FRANCISCO,,CA,Private nonprofit,Predominantly bachelor's-degree granting,,,,,"Rocky Mountains (CO, ID, MT, UT, WY)"
GOLDEN WEST COLLEGE,,,,HUNTINGTON BEACH,,CA,Public,Predominantly associate's-degree granting,,,,,"Far West (AK, CA, HI, NV, OR, WA)"
GRADUATE THEOLOGICAL UNION,,,,BERKELEY,,CA,Private nonprofit,Entirely graduate-degree granting,,,,,"Great Lakes (IL, IN, MI, OH, WI)"
GROSSMONT COLLEGE,,,,EL CAJON,,CA,Public,Predominantly associate's-degree granting,,,,,"Southwest (AZ, NM, OK, TX)"
HAIR MASTERS UNIVERSITY,,,,SAN BERNARDINO,,CA,Private for-profit,Predominantly certificate-degree granting,,,,,"Great Lakes (IL, IN, MI, OH, WI)"
HARBOR OCCUPATIONAL CENTER,,,,SAN PEDRO,,CA,Public,Predominantly certificate-degree granting,,,,,"Rocky Mountains (CO, ID, MT, UT, WY)"
HARTNELL COLLEGE,,,,SALINAS,,CA,Public,Predominantly associate's-degree granting,,,,,"Southeast (AL, AR, FL, GA, KY, LA, MS, NC, SC, TN, VA, WV)"
HARVEY MUDD COLLEGE,,,,CLAREMONT,,CA,Private nonprofit,Predominantly bachelor's-degree granting,,,,,"Plains (IA, KS, MN, MO, NE, ND, SD)"
HEALD BUSINESS COLLEGE-HAYWARD,,,,HAYWARD,,CA,Private nonprofit,Predominantly associate's-degree granting,,,,,"Great Lakes (IL, IN, MI, OH, WI)"
HEALD BUSINESS COLLEGE,,,,OAKLAND,,CA,Private nonprofit,Predominantly associate's-degree granting,,,,,"Far West (AK, CA, HI, NV, OR, WA)"
HEALD INSTITUTE OF TECHNOLOGY-SAN FRANCISCO,,,,SAN FRANCISCO,,CA,Private nonprofit,Predominantly associate's-degree granting,,,,,"Southwest (AZ, NM, OK, TX)"
HEALD BUSINESS COLLEGE-SACRAMENTO,,,,RANCHO CORDOVA,,CA,Private nonprofit,Predominantly associate's-degree granting,,,,,"Mid East (DE, DC, MD, NJ, NY, PA)"
HEALD BUSINESS COLLEGE-FRESNO,,,,FRESNO,,CA,Private nonprofit,Predominantly associate's-degree granting,,,,,"Southwest (AZ, NM, OK, TX)"
HEALD COLLEGE,,,,SANTA ROSA,,CA,Private nonprofit,Predominantly associate's-degree granting,,,,,"Southwest (AZ, NM, OK, TX)"
HEALD INSTITUTE OF TECHNOLOGY,,,,MILPITAS,,CA,Private nonprofit,Predominantly associate's-degree granting,,,,,"Far West (AK, CA, HI, NV, OR, WA)"
HEALD BUSINESS COLLEGE-SAN FRANCISCO,,,,SAN FRANCISCO,,CA,Private nonprofit,Predominantly associate's-degree granting,,,,,"Great Lakes (IL, IN, MI, OH, WI)"
HEALD BUSINESS COLLEGE-CONCORD,,,,CONCORD,,CA,Private nonprofit,Predominantly associate's-degree granting,,,,,"Far West (AK, CA, HI, NV, OR, WA)"
HEALD INSTITUTE OF TECHNOLOGY-MARTINEZ,,,,MARTINEZ,,CA,Private nonprofit,Predominantly associate's-degree granting,,,,,"Southeast (AL, AR, FL, GA, KY, LA, MS, NC, SC, TN, VA, WV)"
HILLTOP BEAUTY SCHOOL,,,,DALY CITY,,CA,Private for-profit,Predominantly certificate-degree granting,,,,,"Mid East (DE, DC, MD, NJ, NY, PA)"
HOLY NAMES COLLEGE,,,,OAKLAND,,CA,Private nonprofit,Predominantly bachelor's-degree granting,,,,,"Great Lakes (IL, IN, MI, OH, WI)"
HUMBOLDT STATE UNIVERSITY,,,,ARCATA,,CA,Public,Predominantly bachelor's-degree granting,,,,,"Southeast (AL, AR, FL, GA, KY, LA, MS, NC, SC, TN, VA, WV)"
HUMPHREYS COLLEGE-STOCKTON,,,,STOCKTON,,CA,Private nonprofit,Predominantly certificate-degree granting,,,,,"Southeast (AL, AR, FL, GA, KY, LA, MS, NC, SC, TN, VA, WV)"
HUNTINGTON COLLEGE OF DENTAL TECHNOLOGY,,,,HUNTINGTON BEACH,,CA,Private for-profit,Predominantly certificate-degree granting,,,,,"Plains (IA, KS, MN, MO, NE, ND, SD)"
HUNTINGTON MEMORIAL HOSPITAL SCHOOL OF XRAY TECHN,,,,PASADENA,,CA,Private nonprofit,Predominantly certificate-degree granting,,,,,"Far West (AK, CA, HI, NV, OR, WA)"
IMPERIAL VALLEY COLLEGE,,,,IMPERIAL,,CA,Public,Predominantly associate's-degree granting,,,,,"Mid East (DE, DC, MD, NJ, NY, PA)"
INSTITUTE FOR BUSINESS AND TECHNOLOGY,,,,SANTA CLARA,,CA,Private for-profit,Predominantly certificate-degree granting,,,,,"Plains (IA, KS, MN, MO, NE, ND, SD)"
INSTITUTE FOR CREATION RESEARCH,,,,SANTEE,,CA,Private nonprofit,Entirely graduate-degree granting,,,,,"Great Lakes (IL, IN, MI, OH, WI)"
INSTITUTE OF COMPUTER TECHNOLOGY,,,,LOS ANGELES,,CA,Private for-profit,Predominantly certificate-degree granting,,,,,"Far West (AK, CA, HI, NV, OR, WA)"
INTERIOR DESIGNERS INSTITUTE,,,,NEWPORT BEACH,,CA,Private for-profit,Predominantly bachelor's-degree granting,,,,,"Southeast (AL, AR, FL, GA, KY, LA, MS, NC, SC, TN, VA, WV)"
INTERNATIONAL AIR ACADEMY,,,,ONTARIO,,CA,Private for-profit,Predominantly certificate-degree granting,,,,,"Southeast (AL, AR, FL, GA, KY, LA, MS, NC, SC, TN, VA, WV)"
INTERNATIONAL DEALERS SCHOOL,,,,COMMERCE,,CA,Private for-profit,Predominantly certificate-degree granting,,,,,"Southwest (AZ, NM, OK, TX)"
INTERNATIONAL SCHOOL OF COSMETOLOGY,,,,HAWTHORNE,,CA,Private for-profit,Predominantly certificate-degree granting,,,,,"Great Lakes (IL, IN, MI, OH, WI)"
IRVINE VALLEY COLLEGE,,,,IRVINE,,CA,Public,Predominantly associate's-degree granting,,,,,"Southeast (AL, AR, FL, GA, KY, LA, MS, NC, SC, TN, VA, WV)"
ITT TECHNICAL INSTITUTE,,,,SAN DIEGO,,CA,Private for-profit,Predominantly associate's-degree granting,,,,,"Plains (IA, KS, MN, MO, NE, ND, SD)"
ITT TECHNICAL INSTITUTE,,,,WEST COVINA,,CA,Private for-profit,Predominantly associate's-degree granting,,,,,"Plains (IA, KS, MN, MO, NE, ND, SD)"
ITT TECHNICAL INSTITUTE,,,,ANAHEIM,,CA,Private for-profit,Predominantly associate's-degree granting,,,,,"New England (CT, ME, MA, NH, RI, VT)"
J BOUTIQUE COLLEGE OF BEAUTY,,,,EL CAJON,,CA,Private for-profit,Predominantly certificate-degree granting,,,,,"Southwest (AZ, NM, OK, TX)"
JERRYLEE BEAUTY COLLEGE,,,,AUBURN,,CA,Private for-profit,Not classified,,,,,"Far West (AK, CA, HI, NV, OR, WA)"
JERRY LEE BEAUTY COLLEGE,,,,ROSEVILLE,,CA,Private for-profit,Predominantly certificate-degree granting,,,,,"Southeast (AL, AR, FL, GA, KY, LA, MS, NC, SC, TN, VA, WV)"
JERRYLEE BEAUTY COLLEGE,,,,CARMICHAEL,,CA,Private for-profit,Predominantly certificate-degree granting,,,,,"Mid East (DE, DC, MD, NJ, NY, PA)"
JESUIT SCHOOL OF THEOLOGY AT BERKELEY,,,,BERKELEY,,CA,Private nonprofit,Entirely graduate-degree granting,,,,,"Plains (IA, KS, MN, MO, NE, ND, SD)"
JOHN F KENNEDY UNIVERSITY,,,,ORINDA,,CA,Private nonprofit,Predominantly bachelor's-degree granting,,,,,"Plains (IA, KS, MN, MO, NE, ND, SD)"
UNIVERSITY OF JUDAISM,,,,LOS ANGELES,,CA,Private nonprofit,Predominantly bachelor's-degree granting,,,,,"Mid East (DE, DC, MD, NJ, NY, PA)"
KINGS RIVER COMMUNITY COLLEGE,,,,REEDLEY,,CA,Public,Predominantly associate's-degree granting,,,,,"New England (CT, ME, MA, NH, RI, VT)"
LIFE BIBLE COLLEGE,,,,SAN DIMAS,,CA,Private nonprofit,Predominantly bachelor's-degree granting,,,,,"New England (CT, ME, MA, NH, RI, VT)"
ADVERTISING ARTS COLLEGE,,,,SAN DIEGO,,CA,Private for-profit,Predominantly certificate-degree granting,,,,,"Mid East (DE, DC, MD, NJ, NY, PA)"
UNIVERSITY OF LAVERNE,,,,LAVERNE,,CA,Private nonprofit,Predominantly bachelor's-degree granting,,,,,"Plains (IA, KS, MN, MO, NE, ND, SD)"
ART INSTITUTE OF SOUTHERN CALIFORNIA,,,,LAGUNA BEACH,,CA,Private nonprofit,Predominantly bachelor's-degree granting,,,,,"Great Lakes (IL, IN, MI, OH, WI)"
LAKE TAHOE COMMUNITY COLLEGE,,,,SOUTH LAKE TAHOE,,CA,Public,Predominantly associate's-degree granting,,,,,"Far West (AK, CA, HI, NV, OR, WA)"
LANCASTER BEAUTY SCHOOL,,,,LANCASTER,,CA,Private for-profit,Predominantly certificate-degree granting,,,,,"Far West (AK, CA, HI, NV, OR, WA)"
LANEY COLLEGE,,,,OAKLAND,,CA,Public,Predominantly associate's-degree granting,,,,,"Plains (IA, KS, MN, MO, NE, ND, SD)"
LASSEN COMMUNITY COLLEGE,,,,SUSANVILLE,,CA,Public,Predominantly associate's-degree granting,,,,,"Great Lakes (IL, IN, MI, OH, WI)"
LIFE CHIROPRACTIC COLLEGE-WEST,,,,SAN LORENZO,,CA,Private nonprofit,Entirely graduate-degree granting,,,,,"Great Lakes (IL, IN, MI, OH, WI)"
HARBOR-UCLA MEDICAL CENTER SCHOOL OF MEDICAL TECHN,,,,TORRANCE,,CA,Public,Not classified,,,,,"Plains (IA, KS, MN, MO, NE, ND, SD)"
LA SIERRA UNIVERSITY,,,,RIVERSIDE,,CA,Private nonprofit,Predominantly bachelor's-degree granting,,,,,"Far West (AK, CA, HI, NV, OR, WA)"
LOMA LINDA UNIVERSITY,,,,LOMA LINDA,,CA,Private nonprofit,Predominantly bachelor's-degree granting,,,,,"Great Lakes (IL, IN, MI, OH, WI)"
LONG BEACH CITY COLLEGE,,,,LONG BEACH,,CA,Public,Predominantly associate's-degree granting,,,,,"Mid East (DE, DC, MD, NJ, NY, PA)"
LOS ANGELES COLLEGE OF CHIROPRACTIC,,,,WHITTIER,,CA,Private nonprofit,Entirely graduate-degree granting,,,,,"Great Lakes (IL, IN, MI, OH, WI)"
LOS ANGELES HARBOR COLLEGE,,,,WILMINGTON,,CA,Public,Predominantly associate's-degree granting,,,,,"Great Lakes (IL, IN, MI, OH, WI)"
